SampleID,Site,Datetime,doy,yearS,Temperature,SpC,DO,pH,TDS,Turbidity,ANC_H,ANC_CACO3,Al,Ca,Fe,K,Mg,Mn,Na,Si,Sr,Fl,Chloride,Br,Nitrate,Phosphate_P,Sulfate,Ammonium_N,Nitrate_plus_Nitrite_N,TP,TN,DOC,FI,HIX,FDOM_lab,d2H,d18O,As,Ba,Cr,Cu,Mo,Ni,Pb,Sb,Se,V,Zn
NA,stream_gauge,2016-04-18T20:00:00Z,109,2016,NA,NA,NA,NA,NA,NA,NA,NA,0.01211,13.66589,0,0.20482,0.28734,0,0.86104,NA,NA,NA,0.87,NA,0.37,NA,6.58,NA,NA,NA,NA,1.7,1.71,NA,NA,-126.96,-17.17,0.00337,0.00375,0,0,8.7e-4,8.8e-4,0,0.00128,0,0,0.00247
NA,stream_gauge,2016-04-21T23:00:00Z,112,2016,NA,NA,NA,NA,NA,NA,NA,NA,NA,NA,NA,NA,NA,NA,NA,NA,NA,NA,NA,NA,NA,NA,NA,NA,NA,NA,NA,0.33,1.63,NA,NA,-122.12,-16.88,NA,NA,NA,NA,NA,NA,NA,NA,NA,NA,NA
NA,Terminus,2016-05-08T01:15:00Z,128,2016,NA,NA,NA,NA,NA,NA,NA,NA,0.01279,9.57307,0,0.10663,0.18944,0,0.63058,NA,NA,NA,0.59,NA,0.29,NA,4.56,NA,NA,NA,NA,1.6,1.73,NA,NA,-126.21,-17.11,0.00222,0.0024,0,0,6.6e-4,3.9e-4,0,8.5e-4,0,0,3.1e-4
NA,Terminus,2016-05-11T01:00:00Z,131,2016,NA,NA,NA,NA,NA,NA,NA,NA,NA,NA,NA,NA,NA,NA,NA,NA,NA,NA,NA,NA,NA,NA,NA,NA,NA,NA,NA,NA,NA,NA,NA,-121.02,-16.74,NA,NA,NA,NA,NA,NA,NA,NA,NA,NA,NA
NA,Terminus,2016-05-11T01:55:00Z,131,2016,0.6,62,NA,8.68,31,NA,NA,NA,NA,NA,NA,NA,NA,NA,NA,NA,NA,NA,NA,NA,NA,NA,NA,NA,NA,NA,NA,0.31,1.68,NA,NA,-125.47,-16.89,NA,NA,NA,NA,NA,NA,NA,NA,NA,NA,NA
NA,Terminus,2016-05-11T19:13:00Z,132,2016,0.7,54,NA,8.15,27,NA,NA,NA,0,9.22329,0,0.10117,0.20585,0,0.60329,NA,NA,NA,0,NA,NA,NA,23.71,NA,NA,NA,NA,0.42,1.71,NA,NA,-127.27,-17.25,0.00221,0.00302,0,4.2e-4,5.1e-4,0,0,0.00237,0,0,0.0024
NA,stream_gauge,2016-05-11T21:05:00Z,132,2016,1,53,NA,7.91,24,NA,NA,NA,NA,NA,NA,NA,NA,NA,NA,NA,NA,NA,NA,NA,NA,NA,NA,NA,NA,NA,NA,0.57,1.55,NA,NA,-117.88,-16.91,NA,NA,NA,NA,NA,NA,NA,NA,NA,NA,NA
NA,lake_inlet,2016-05-12T18:15:00Z,133,2016,0.5,35,NA,6.65,22,NA,NA,NA,0.0152,7.39116,0,0.05942,0.16273,0,0.61787,NA,NA,NA,0,NA,0,NA,1.46,NA,NA,NA,NA,0.96,1.43,NA,NA,-130.74,-17.76,7.1e-4,0.00379,0,0,2.8e-4,0,0,8.3e-4,0,0,0.00528
NA,Terminus,2016-05-12T20:00:00Z,133,2016,0.6,53,NA,7.53,27,NA,NA,NA,0.02715,9.14043,0,0.43676,0.2014,0,0.83732,NA,NA,NA,0.8,NA,0.29,NA,4.8,NA,NA,NA,NA,0.24,1.79,NA,NA,-124.61,-16.86,0.00349,0.00243,0,0,0.00119,6.5e-4,0,8.6e-4,0,0,0.01139
NA,lake_inlet,2016-05-13T00:00:00Z,133,2016,0.4,39,NA,7.03,19,NA,NA,NA,0.02286,6.6667,0,0,0.1212,0,0.58657,NA,NA,NA,0.64,NA,0.29,NA,2.14,NA,NA,NA,NA,0.94,1.39,NA,NA,-131.76,-18.05,5.7e-4,0.00375,0,0,0,3.3e-4,0,0,0,0,0.00311
NA,Terminus,2016-05-13T16:40:00Z,134,2016,0.6,51,NA,7.84,26,NA,NA,NA,NA,NA,NA,NA,NA,NA,NA,NA,NA,NA,NA,NA,NA,NA,NA,NA,NA,NA,NA,0.21,1.75,NA,NA,-120.22,-16.12,NA,NA,NA,NA,NA,NA,NA,NA,NA,NA,NA
NA,Nellie_Juan,2016-05-14T19:15:00Z,135,2016,3.2,39,NA,7.77,20,NA,NA,NA,0.0259,5.95642,0,0.10924,0.24624,0,0.53473,NA,NA,NA,0.54,NA,0.45,NA,2.82,NA,NA,NA,NA,2.52,1.49,NA,NA,-113.21,-15.52,4.5e-4,0.00279,0,0,0,4e-4,0,0,0,0,0.00598
NA,Nellie_Juan,2016-05-14T19:30:00Z,135,2016,NA,NA,NA,NA,NA,NA,NA,NA,NA,NA,NA,NA,NA,NA,NA,NA,NA,NA,NA,NA,NA,NA,NA,NA,NA,NA,NA,NA,NA,NA,NA,-109.73,-13.93,NA,NA,NA,NA,NA,NA,NA,NA,NA,NA,NA
NA,stream_gauge,2016-05-14T19:45:00Z,135,2016,0.9,43,NA,7.75,22,NA,NA,NA,0.02401,7.51732,0,0.1734,0.15131,0,0.51283,NA,NA,NA,0.61,NA,0.3,NA,3.24,NA,NA,NA,NA,0.56,1.44,NA,NA,-123.45,-17,0.00207,0.0022,0,0,0,4.5e-4,0,0,0,0,0.00313
NA,stream_gauge,2016-05-14T19:49:00Z,135,2016,NA,NA,NA,NA,NA,NA,NA,NA,NA,NA,NA,NA,NA,NA,NA,NA,NA,NA,NA,NA,NA,NA,NA,NA,NA,NA,NA,NA,NA,NA,NA,-128.44,-17.48,NA,NA,NA,NA,NA,NA,NA,NA,NA,NA,NA
NA,stream_gauge,2016-05-14T20:40:00Z,135,2016,NA,NA,NA,NA,NA,NA,NA,NA,NA,NA,NA,NA,NA,NA,NA,NA,NA,NA,NA,NA,NA,NA,NA,NA,NA,NA,NA,NA,NA,NA,NA,-132.13,-18,NA,NA,NA,NA,NA,NA,NA,NA,NA,NA,NA
NA,Terminus,2016-05-14T20:54:00Z,135,2016,1.6,NA,NA,8.1,NA,NA,NA,NA,0.03514,8.5388,0.04619,0.10301,0.14711,0,0.37119,NA,NA,NA,0.42,NA,0.22,NA,2.99,NA,NA,NA,NA,0.31,1.69,NA,NA,-120.9,-16.39,0.0047,0.00211,0,0,4.4e-4,5.2e-4,0,0.00108,0,0,0.0026
NA,stream_gauge,2016-05-15T18:09:00Z,136,2016,2.1,NA,NA,6.7,NA,NA,NA,NA,NA,NA,NA,NA,NA,NA,NA,NA,NA,NA,NA,NA,NA,NA,NA,NA,NA,NA,NA,0.45,1.62,NA,NA,-123.13,-16.53,NA,NA,NA,NA,NA,NA,NA,NA,NA,NA,NA
NA,Terminus,2016-05-15T20:10:00Z,136,2016,1.4,NA,NA,7.2,NA,NA,NA,NA,NA,NA,NA,NA,NA,NA,NA,NA,NA,NA,NA,NA,NA,NA,NA,NA,NA,NA,NA,0.25,1.52,NA,NA,-127.71,-17.46,NA,NA,NA,NA,NA,NA,NA,NA,NA,NA,NA
NA,Terminus,2016-05-16T18:58:00Z,137,2016,0.6,40,NA,8.22,20,NA,NA,NA,0.02403,7.49538,0,0.10966,0.19046,0.00104,0.49852,NA,NA,NA,0,NA,0,NA,1.83,NA,NA,NA,NA,0.28,1.87,NA,NA,-127.76,-17.37,0.00253,0.00285,0,4.3e-4,4.5e-4,0,0,7.4e-4,2.7e-4,0,0.00265
NA,stream_gauge,2016-05-16T19:24:00Z,137,2016,0.9,40,NA,7.75,20,NA,NA,NA,NA,NA,NA,NA,NA,NA,NA,NA,NA,NA,NA,NA,NA,NA,NA,NA,NA,NA,NA,0.31,1.75,NA,NA,-125.62,-16.81,NA,NA,NA,NA,NA,NA,NA,NA,NA,NA,NA
NA,Terminus,2016-05-30T22:08:00Z,151,2016,7.1,40,NA,8.45,19,NA,NA,NA,0.01077,6.44275,0,0.17162,0.21212,0.00239,0.54902,NA,NA,NA,0,NA,0,NA,0.31,NA,NA,NA,NA,0.08,NA,NA,NA,-130.96,-17.93,0.00224,0.00263,0,0.0041,4e-4,0,1.3e-4,7.5e-4,0,0,0.01434
NA,lake_inlet,2016-05-31T00:50:00Z,151,2016,1.1,18,NA,7.92,9,NA,NA,NA,NA,NA,NA,NA,NA,NA,NA,NA,NA,NA,NA,NA,NA,NA,NA,NA,NA,NA,NA,0.7,NA,NA,NA,-119.01,-16.33,NA,NA,NA,NA,NA,NA,NA,NA,NA,NA,NA
NA,stream_gauge,2016-05-31T20:05:00Z,152,2016,1.4,32,NA,7.39,16,NA,NA,NA,0.02978,1.78023,0.04922,0.05963,0,0.00103,0,NA,NA,NA,0,NA,0.17,NA,0.71,NA,NA,NA,NA,0.26,NA,NA,NA,-127.33,-17.47,3.8e-4,0.00153,0,0,0,0,0,0,0,0,0.00489
NA,lake_inlet,2016-06-01T17:36:00Z,153,2016,1.5,19,NA,6.67,9,NA,NA,NA,0.01632,1.61527,0,0,0,0,0.11132,NA,NA,NA,0.23,NA,0.19,NA,0.51,NA,NA,NA,NA,0.41,1.36,NA,NA,-125.52,-17.27,2.2e-4,0.00155,0,0,0,0,0,0,0,0,0.00171
NA,Terminus,2016-06-01T19:15:00Z,153,2016,1,36,NA,7.7,18,NA,NA,NA,0,4.8231,0,0.18692,0.13935,0.00145,0.36664,NA,NA,NA,0,NA,NA,NA,1.42,NA,NA,NA,NA,0,2.19,NA,NA,-131.03,-17.8,0.00127,0.00206,0,7.2e-4,3e-4,0,0,5.2e-4,0,0,0.00864
NA,Nellie_Juan,2016-06-02T19:20:00Z,154,2016,3.6,41,NA,7.27,20,NA,NA,NA,0.02533,5.6833,0,0.16463,0.27868,0.0014,0.55134,NA,NA,NA,0.61,NA,0.45,NA,3.57,NA,NA,NA,NA,0.28,1.5,NA,NA,-116.79,-15.99,6.4e-4,0.00297,0,0,5.9e-4,3.5e-4,0,0,0,0,0.00578
NA,Nellie_Juan,2016-07-14T18:30:00Z,196,2016,NA,NA,NA,NA,NA,NA,NA,NA,NA,NA,NA,NA,NA,NA,NA,NA,NA,NA,NA,NA,NA,NA,NA,NA,NA,NA,NA,0.38,1.91,NA,NA,-115.99,-15.99,NA,NA,NA,NA,NA,NA,NA,NA,NA,NA,NA
NA,stream_gauge,2016-07-14T18:48:00Z,196,2016,NA,NA,NA,NA,NA,NA,NA,NA,NA,NA,NA,NA,NA,NA,NA,NA,NA,NA,NA,NA,NA,NA,NA,NA,NA,NA,NA,0.14,2.28,NA,NA,-122.71,-16.9,NA,NA,NA,NA,NA,NA,NA,NA,NA,NA,NA
NA,Terminus,2016-07-14T19:04:00Z,196,2016,NA,NA,NA,NA,NA,NA,NA,NA,NA,NA,NA,NA,NA,NA,NA,NA,NA,NA,NA,NA,NA,NA,NA,NA,NA,NA,NA,NA,NA,NA,NA,-123.06,-16.82,NA,NA,NA,NA,NA,NA,NA,NA,NA,NA,NA
NA,lake_inlet,2016-07-14T21:56:00Z,196,2016,16.1,18,NA,7.65,9,NA,NA,NA,NA,NA,NA,NA,NA,NA,NA,NA,NA,NA,NA,NA,NA,NA,NA,NA,NA,NA,NA,0.39,NA,NA,NA,-109.22,-13.85,NA,NA,NA,NA,NA,NA,NA,NA,NA,NA,NA
NA,Terminus,2016-07-15T19:54:00Z,197,2016,3.5,18,NA,7.7,9,NA,NA,NA,0.08925,4.27581,0,0.92304,0.1601,0.00481,1.25294,NA,NA,NA,0,NA,NA,NA,12.45,NA,NA,NA,NA,0.12,NA,NA,NA,-122.3,-16.9,0.00125,0.00342,0,0.00212,2.3e-4,7.6e-4,3.1e-4,2e-4,0,2.5e-4,0.03772
NA,Terminus,2016-07-16T00:16:00Z,197,2016,3,15,NA,7.55,8,NA,NA,NA,NA,NA,NA,NA,NA,NA,NA,NA,NA,NA,NA,NA,NA,NA,NA,NA,NA,NA,NA,0.11,NA,NA,NA,-120.58,-16.73,NA,NA,NA,NA,NA,NA,NA,NA,NA,NA,NA
NA,lake_inlet,2016-07-16T17:56:00Z,198,2016,10.3,22,NA,8.07,11,NA,NA,NA,NA,NA,NA,NA,NA,NA,NA,NA,NA,NA,NA,NA,NA,NA,NA,NA,NA,NA,NA,0.31,NA,NA,NA,-113.41,-15.43,NA,NA,NA,NA,NA,NA,NA,NA,NA,NA,NA
NA,Terminus,2016-07-16T19:40:00Z,198,2016,1.7,13,NA,8.24,7,NA,NA,NA,0.25955,3.08188,0.30867,0.08648,0.1569,0.00743,0.21702,NA,NA,NA,0.33,NA,0.25,NA,2.96,NA,NA,NA,NA,0.06,NA,NA,NA,-120.46,-16.71,0.0017,0.0029,0,0,0,0.00108,0,0,0,0,0.00579
NA,lake_inlet,2016-07-17T17:08:00Z,199,2016,9.7,21,NA,7.71,10,NA,NA,NA,0,0,0,0,0,0,0.15679,NA,NA,NA,0,NA,NA,NA,1.02,NA,NA,NA,NA,0.28,NA,NA,NA,-109.04,-14.14,0,0,0,0,0,0,0,0,0,0,0
NA,Terminus,2016-07-17T18:37:00Z,199,2016,1.7,14,NA,8.31,8,NA,NA,NA,0.17931,3.35553,0.25864,0.08712,0.14014,0.00761,0.17707,NA,NA,NA,0.31,NA,0.31,NA,2.68,NA,NA,NA,NA,0.08,NA,NA,NA,-119.87,-16.6,0.00126,0.00346,0,0,0,0.00109,0,0,0,0,0.00341
NA,lake_inlet,2016-07-18T17:46:00Z,200,2016,10.6,23,NA,7.47,11,NA,NA,NA,0.04094,4.94782,0,0.15315,0,0,0.36384,NA,NA,NA,0,NA,NA,NA,44.75,NA,NA,NA,NA,0.33,NA,NA,NA,-112.09,-15.14,0.00464,0.00231,0,0.00144,2.5e-4,0,0,1.8e-4,0,0,0.01174
NA,Terminus,2016-07-18T19:46:00Z,200,2016,1.4,13,NA,8.1,6,NA,NA,NA,0.4951,3.50777,0.3444,0.29971,0.23277,0.01122,0.3203,NA,NA,NA,0,NA,NA,NA,2.83,NA,NA,NA,NA,0.09,NA,NA,NA,-120.22,-16.55,0.00244,0.01131,7.3e-4,0.00213,1.8e-4,0.00128,8.1e-4,1.5e-4,0,0.00117,0.01663
NA,stream_gauge,2016-07-19T18:30:00Z,201,2016,2.3,15,NA,7.96,7,NA,NA,NA,0.28574,3.94029,0.41458,0.29258,0.20095,0.01236,0.45291,NA,NA,NA,0.56,NA,0.3,NA,5.18,NA,NA,NA,NA,0.1,NA,NA,NA,-118.83,-16.41,0.00154,0.00474,9.4e-4,0.00237,0,0.00222,0,0,0,0,0.01135
NA,Terminus,2016-07-19T19:51:00Z,201,2016,3,5,NA,7.81,7,NA,NA,NA,0.33751,4.38811,0.50968,0.25117,0.22928,0.01528,0.35023,NA,NA,NA,0.4,NA,0.36,NA,5.28,NA,NA,NA,NA,0.09,NA,NA,NA,-119.67,-16.53,0.00168,0.00542,9.6e-4,0.00334,0,0.00239,7.9e-4,0,0,0,0.009
NA,Nellie_Juan,2016-07-19T20:06:00Z,201,2016,6.2,28,NA,7.68,14,NA,NA,NA,NA,NA,NA,NA,NA,NA,NA,NA,NA,NA,NA,NA,NA,NA,NA,NA,NA,NA,NA,0.14,NA,NA,NA,-113.21,-15.74,NA,NA,NA,NA,NA,NA,NA,NA,NA,NA,NA
NA,Terminus,2016-08-15T17:25:00Z,228,2016,NA,NA,NA,NA,NA,NA,NA,NA,0.24501,2.72196,0.40598,0,0.17844,0.01104,0,NA,NA,NA,0,NA,0.28,NA,2.11,NA,NA,NA,NA,0.03,NA,NA,NA,-117.91,-16.32,0.00112,0.00356,7.6e-4,0,0,0.00135,0,0,0,0,0.00365
NA,Terminus,2016-08-16T16:45:00Z,229,2016,NA,NA,NA,NA,NA,NA,NA,NA,0.20459,2.0614,0.37703,0,0.13598,0.01017,0,NA,NA,NA,0,NA,0.27,NA,1.56,NA,NA,NA,NA,0.14,NA,NA,NA,-118.39,-16.53,0.00104,0.00335,0,0,0,0.00126,0,0,0,0,0.00265
NA,Terminus,2016-08-16T23:00:00Z,229,2016,1.4,16,NA,9.1,8,NA,NA,NA,NA,NA,NA,NA,NA,NA,NA,NA,NA,NA,NA,NA,NA,NA,NA,NA,NA,NA,NA,0.12,NA,NA,NA,-119.72,-17.32,NA,NA,NA,NA,NA,NA,NA,NA,NA,NA,NA
NA,Terminus,2016-08-17T02:00:00Z,229,2016,1.4,16,NA,8.98,8,NA,NA,NA,NA,NA,NA,NA,NA,NA,NA,NA,NA,NA,NA,NA,NA,NA,NA,NA,NA,NA,NA,0.14,NA,NA,NA,-119.29,-15.98,NA,NA,NA,NA,NA,NA,NA,NA,NA,NA,NA
NA,Terminus,2016-08-17T18:00:00Z,230,2016,1.7,17,NA,8.92,8,NA,NA,NA,0.16487,3.27348,0.284,0.05727,0.15667,0.00837,0,NA,NA,NA,0,NA,0.26,NA,2.77,NA,NA,NA,NA,0.14,NA,NA,NA,-118.33,-15.73,0.00115,0.00382,0,0,0,0.00115,0,0,0,0,0.00401
NA,Terminus,2016-08-17T23:00:00Z,230,2016,2.6,30,NA,8.3,15,NA,NA,NA,NA,NA,NA,NA,NA,NA,NA,NA,NA,NA,NA,NA,NA,NA,NA,NA,NA,NA,NA,0.12,NA,NA,NA,-113.03,-15.15,NA,NA,NA,NA,NA,NA,NA,NA,NA,NA,NA
NA,Terminus,2016-08-18T02:00:00Z,230,2016,2,25,NA,8.36,13,NA,NA,NA,NA,NA,NA,NA,NA,NA,NA,NA,NA,NA,NA,NA,NA,NA,NA,NA,NA,NA,NA,0.14,NA,NA,NA,-108.42,-14.34,NA,NA,NA,NA,NA,NA,NA,NA,NA,NA,NA
NA,Terminus,2016-08-18T18:00:00Z,231,2016,1.4,16,NA,8.68,8,NA,NA,NA,0.30096,3.85722,0.26991,0.12725,0.20766,0.00812,0,NA,NA,NA,0,NA,NA,NA,16.56,NA,NA,NA,NA,0.12,NA,NA,NA,-117.98,-16.09,0.00151,0.00735,0,0.00117,2.2e-4,7.2e-4,3.7e-4,2.2e-4,0,7.6e-4,0.00286
NA,Terminus,2016-08-18T23:00:00Z,231,2016,1.9,21,NA,8.64,10,NA,NA,NA,NA,NA,NA,NA,NA,NA,NA,NA,NA,NA,NA,NA,NA,NA,NA,NA,NA,NA,NA,0.14,NA,NA,NA,-111.06,-14.98,NA,NA,NA,NA,NA,NA,NA,NA,NA,NA,NA
NA,Terminus,2016-08-19T02:00:00Z,231,2016,1.8,17,NA,8.65,9,NA,NA,NA,NA,NA,NA,NA,NA,NA,NA,NA,NA,NA,NA,NA,NA,NA,NA,NA,NA,NA,NA,0.14,NA,NA,NA,-117.88,-15.87,NA,NA,NA,NA,NA,NA,NA,NA,NA,NA,NA
NA,Terminus,2016-08-19T18:00:00Z,232,2016,1.9,20,NA,8.97,10,NA,NA,NA,0.1594,3.13688,0.25686,0,0.15322,0.00852,0,NA,NA,NA,0,NA,0.3,NA,2.68,NA,NA,NA,NA,0.12,NA,NA,NA,-120.03,-16.21,0.00112,0.00335,0,0,0,0.001,0,0,0,0,0.00197
NA,Terminus,2016-08-19T23:00:00Z,232,2016,1.6,19,NA,8.62,9,NA,NA,NA,NA,NA,NA,NA,NA,NA,NA,NA,NA,NA,NA,NA,NA,NA,NA,NA,NA,NA,NA,0.11,NA,NA,NA,-120.28,-16.04,NA,NA,NA,NA,NA,NA,NA,NA,NA,NA,NA
NA,Terminus,2016-08-20T02:00:00Z,232,2016,1.8,20,NA,8.67,10,NA,NA,NA,NA,NA,NA,NA,NA,NA,NA,NA,NA,NA,NA,NA,NA,NA,NA,NA,NA,NA,NA,0.11,NA,NA,NA,-119.94,-16.26,NA,NA,NA,NA,NA,NA,NA,NA,NA,NA,NA
NA,Terminus,2016-08-20T18:00:00Z,233,2016,1.6,19,NA,9.02,10,NA,NA,NA,0.09653,2.08776,0.16551,0.28934,0,0.00493,0.27482,NA,NA,NA,0.3,NA,0.25,NA,1.18,NA,NA,NA,NA,0.11,NA,NA,NA,-120.61,-16.2,8.5e-4,0.00243,0,0,0,8.1e-4,0,0,0,0,0.00816
NA,Terminus,2016-08-20T23:00:00Z,233,2016,1.8,20,NA,8.68,10,NA,NA,NA,NA,NA,NA,NA,NA,NA,NA,NA,NA,NA,NA,NA,NA,NA,NA,NA,NA,NA,NA,0.09,NA,NA,NA,-119.89,-16.06,NA,NA,NA,NA,NA,NA,NA,NA,NA,NA,NA
NA,Terminus,2016-08-21T02:00:00Z,233,2016,1.6,15,NA,8.64,8,NA,NA,NA,NA,NA,NA,NA,NA,NA,NA,NA,NA,NA,NA,NA,NA,NA,NA,NA,NA,NA,NA,0.16,NA,NA,NA,-119.04,-16.1,NA,NA,NA,NA,NA,NA,NA,NA,NA,NA,NA
NA,Terminus,2016-08-21T18:00:00Z,234,2016,1.5,20,NA,8.61,10,NA,NA,NA,0.14885,3.23537,0.10775,0.10117,0.14245,0.00477,0,NA,NA,NA,0,NA,0.56,NA,1.04,NA,NA,NA,NA,0.14,NA,NA,NA,-120.57,-16.08,0.00124,0.0048,0,5.5e-4,1.9e-4,0,2.4e-4,1.5e-4,0,4.1e-4,0.00173
NA,Terminus,2016-08-22T03:04:00Z,234,2016,1.6,21,NA,8.39,11,NA,NA,NA,NA,NA,NA,NA,NA,NA,NA,NA,NA,NA,NA,NA,NA,NA,NA,NA,NA,NA,NA,0.12,NA,NA,NA,-120.05,-16.24,NA,NA,NA,NA,NA,NA,NA,NA,NA,NA,NA
NA,Terminus,2016-08-22T18:00:00Z,235,2016,2,18,NA,8.27,9,NA,NA,NA,0.15025,2.01066,0.23078,0.0949,0.09808,0.00656,0.15266,NA,NA,NA,0,NA,0.2,NA,1.57,NA,NA,NA,NA,0.13,NA,NA,NA,-119.29,-15.94,0.00113,0.00303,0,0,0,9.9e-4,0,0,0,0,0.00349
NA,Terminus,2016-08-23T02:00:00Z,235,2016,1.7,17,NA,8.06,9,NA,NA,NA,NA,NA,NA,NA,NA,NA,NA,NA,NA,NA,NA,NA,NA,NA,NA,NA,NA,NA,NA,0.25,NA,NA,NA,-110.2,-14.56,NA,NA,NA,NA,NA,NA,NA,NA,NA,NA,NA
NA,Terminus,2016-08-23T18:00:00Z,236,2016,1.4,16,NA,8.51,8,NA,NA,NA,0.09657,0.4024,0.15443,0,0,0.00371,0,NA,NA,NA,0,NA,0.12,NA,0,NA,NA,NA,NA,0.1,NA,NA,NA,-118.12,-15.96,2.9e-4,0.00156,0,0,0,4.8e-4,0,0,0,0,0.00117
NA,lake_inlet,2016-08-23T23:00:00Z,236,2016,NA,NA,NA,NA,NA,NA,NA,NA,0.01713,5.35235,0,0,0,0,0.41088,NA,NA,NA,0,NA,0.25,NA,1.65,NA,NA,NA,NA,NA,NA,NA,NA,-105.08,-14.07,0.00102,0.00373,0,0,0,0,0,0,0,0,0.00132
NA,Terminus,2016-08-24T02:00:00Z,236,2016,1.9,22,NA,7.96,11,NA,NA,NA,NA,NA,NA,NA,NA,NA,NA,NA,NA,NA,NA,NA,NA,NA,NA,NA,NA,NA,NA,0.15,NA,NA,NA,-104.08,-13.48,NA,NA,NA,NA,NA,NA,NA,NA,NA,NA,NA
NA,Terminus,2016-08-24T18:00:00Z,237,2016,1.4,18,NA,8.72,9,NA,NA,NA,0.12304,5.97784,0.19215,0.09691,0.21062,0.00603,0.15706,NA,NA,NA,0,NA,0.33,NA,4.77,NA,NA,NA,NA,0.11,NA,NA,NA,-113.48,-15.25,0.00124,0.00434,0,0,0,9.6e-4,0,0,0,0,0.00163
NA,Terminus,2016-08-25T02:00:00Z,237,2016,1.8,18,NA,8.36,9,NA,NA,NA,NA,NA,NA,NA,NA,NA,NA,NA,NA,NA,NA,NA,NA,NA,NA,NA,NA,NA,NA,0.13,NA,NA,NA,-110.52,-14.69,NA,NA,NA,NA,NA,NA,NA,NA,NA,NA,NA
NA,lake_inlet,2016-08-25T18:20:00Z,238,2016,NA,NA,NA,NA,NA,NA,NA,NA,0.01935,6.12638,0,0,0.11744,0,0.36476,NA,NA,NA,0,NA,NA,NA,0.3,NA,NA,NA,NA,2.12,NA,NA,NA,-101.12,-13.56,0.00167,0.0054,0,3.8e-4,4e-4,0,0,3.3e-4,0,0,0.00301
NA,Terminus,2016-08-25T22:15:00Z,238,2016,1.8,21,NA,8.76,10,NA,NA,NA,0.11328,13.34999,0.17371,0.29845,0.42623,0.00515,0.43835,NA,NA,NA,0,NA,0.42,NA,10.71,NA,NA,NA,NA,0.12,NA,NA,NA,-100.06,-13.29,0.00192,0.00741,0,0,0.0011,0.00162,0,0.00103,5.9e-4,0,0.00203
NA,Nellie_Juan,2016-08-26T20:30:00Z,239,2016,NA,NA,NA,NA,NA,NA,NA,NA,0.00934,4.54825,0,0.14109,0.2592,0.00297,0.36533,NA,NA,NA,0.25,NA,0.38,NA,3.47,NA,NA,NA,NA,NA,NA,NA,NA,-110.71,-15.22,4.8e-4,0.00301,0,0,0,3.6e-4,0,0,0,0,0.00395
NA,Nellie_Juan,2016-08-26T20:45:00Z,239,2016,NA,NA,NA,NA,NA,NA,NA,NA,NA,NA,NA,NA,NA,NA,NA,NA,NA,NA,NA,NA,NA,NA,NA,NA,NA,NA,NA,0.91,NA,NA,NA,-109.58,-15.08,NA,NA,NA,NA,NA,NA,NA,NA,NA,NA,NA
NA,Nellie_Juan,2016-08-26T20:55:00Z,239,2016,NA,NA,NA,NA,NA,NA,NA,NA,NA,NA,NA,NA,NA,NA,NA,NA,NA,NA,NA,NA,NA,NA,NA,NA,NA,NA,NA,0.86,NA,NA,NA,-109.77,-15.2,NA,NA,NA,NA,NA,NA,NA,NA,NA,NA,NA
NA,stream_gauge,2016-09-07T20:46:00Z,251,2016,2.1,23,NA,8.6,11,NA,NA,NA,0.17404,3.99621,0.33403,0.36844,0.22192,0.0076,0.41712,NA,NA,NA,0.42,NA,0.33,NA,3.26,NA,NA,NA,NA,1.67,NA,NA,NA,-120.14,-16.49,0.00192,0.00307,0,0.00119,6.8e-4,0.00108,4.1e-4,1.9e-4,0,0,0.00545
NA,Terminus,2016-09-07T21:17:00Z,251,2016,1.1,18,NA,8.29,9,NA,NA,NA,0.16787,1.47161,0.28251,0.25225,0.08911,0.00715,0.1355,NA,NA,NA,0,NA,0.25,NA,1.33,NA,NA,NA,NA,0.04,NA,NA,NA,-120.13,-16.35,7.8e-4,0.00307,7.1e-4,0,0,0.00108,0,0,0,0,0.00569
NA,lake_inlet,2016-09-07T22:45:00Z,251,2016,11.7,46,NA,7.78,23,NA,NA,NA,NA,NA,NA,NA,NA,NA,NA,NA,NA,NA,NA,NA,NA,NA,NA,NA,NA,NA,NA,1.34,NA,NA,NA,-106.06,-14.15,NA,NA,NA,NA,NA,NA,NA,NA,NA,NA,NA
NA,Terminus,2016-09-08T19:22:00Z,252,2016,0.8,20,NA,6.99,10,NA,NA,NA,0.28269,3.72784,0.19303,0.12819,0.2135,0.00562,0.10869,NA,NA,NA,0,NA,0.71,NA,52.19,NA,NA,NA,NA,0.02,NA,NA,NA,-120.81,-16.59,0.00133,0.00787,0,7.5e-4,2.8e-4,5.6e-4,3.1e-4,2e-4,0,7.3e-4,0.00199
NA,lake_inlet,2016-09-09T19:27:00Z,253,2016,6.7,47,NA,7.75,24,NA,NA,NA,NA,NA,NA,NA,NA,NA,NA,NA,NA,NA,NA,NA,NA,NA,NA,NA,NA,NA,NA,1.25,NA,NA,NA,-107.63,-14.09,NA,NA,NA,NA,NA,NA,NA,NA,NA,NA,NA
NA,lake_inlet,2016-09-11T18:00:00Z,255,2016,6.2,53,NA,7.02,27,NA,NA,NA,0.00653,9.94805,0,0,0.2007,0,0.75975,NA,NA,NA,0,NA,0,NA,1.67,NA,NA,NA,NA,1.34,NA,NA,NA,-107.33,-14.13,8.3e-4,0.00547,0,4.1e-4,3.8e-4,0,1e-4,2.5e-4,0,0,0.00274
NA,Terminus,2016-09-11T20:05:00Z,255,2016,0.9,16,NA,7.66,8,NA,NA,NA,0.01886,1.74232,0,0,0,0.00131,0,NA,NA,NA,0,NA,0.37,NA,4.1,NA,NA,NA,NA,0.01,NA,NA,NA,-117.17,-16.17,7e-4,0.00196,0,0,2.1e-4,0,0,1.1e-4,0,0,0
NA,lake_inlet,2016-09-12T17:33:00Z,256,2016,7.3,33,NA,6.84,17,NA,NA,NA,0.02898,3.81329,0,0.0936,0,0,0.29995,NA,NA,NA,0,NA,0.16,NA,1.05,NA,NA,NA,NA,2.54,NA,NA,NA,-99.81,-13.32,8.3e-4,0.00319,0,0,0,3.1e-4,0,0,0,0,0.00374
NA,Nellie_Juan,2016-09-13T22:08:00Z,257,2016,6.5,45,NA,7.4,22,NA,NA,NA,0.67971,1.27401,1.11608,0.12078,0.32864,0.02892,0,NA,NA,NA,0,NA,0.11,NA,0,NA,NA,NA,NA,0.98,NA,NA,NA,-105.36,-14.81,0.00104,0.01131,0.00236,0.00376,0,0.00295,0.00147,0,0,0,0.02367
NA,Terminus,2016-09-13T22:18:00Z,257,2016,1.9,32,NA,7.53,16,NA,NA,NA,1.37904,4.71828,2.18402,0.40626,0.8501,0.05538,0.5324,NA,NA,NA,0.25,NA,0.29,NA,4.54,NA,NA,NA,NA,0.1,NA,NA,NA,-115.33,-15.95,0.00547,0.02185,0.00452,0.00994,0,0.00907,0.00334,0,0,0.00231,0.02459
NA,lake_inlet,2016-10-15T20:00:00Z,289,2016,NA,NA,NA,NA,NA,NA,NA,NA,0.00809,9.37024,0,0.0314,0.17931,0,0.68191,NA,NA,NA,0,NA,0.23,NA,2.17,NA,NA,NA,NA,1.2,1.41,NA,NA,NA,NA,4.2e-4,0.0046,0,0,3.4e-4,3.6e-4,0,1.5e-4,0,0,0.0013
NA,Terminus,2016-10-15T20:15:00Z,289,2016,NA,NA,NA,NA,NA,NA,NA,NA,0.09684,7.60517,0,0.12015,0.36628,0.00276,0.49684,NA,NA,NA,0.29,NA,0.26,NA,7.01,NA,NA,NA,NA,0.03,1.44,NA,NA,NA,NA,0.00282,0.0033,0,0,6.8e-4,7.2e-4,2.1e-4,2.9e-4,0,0,0.00252
NA,stream_gauge,2017-04-20T21:45:00Z,110,2017,0,142,NA,NA,NA,NA,NA,NA,NA,21.43,NA,0.23,0.56,NA,1.26,NA,NA,NA,NA,NA,NA,NA,NA,NA,NA,NA,NA,0.62,NA,NA,NA,-120.34,-16.64,NA,NA,NA,NA,NA,NA,NA,NA,NA,NA,NA
NA,Nellie_Juan,2017-04-20T22:40:00Z,110,2017,NA,NA,NA,NA,NA,NA,NA,NA,NA,NA,NA,NA,NA,NA,NA,NA,NA,NA,NA,NA,NA,NA,NA,NA,NA,NA,NA,0.82,NA,NA,NA,-108.38,-15.16,NA,NA,NA,NA,NA,NA,NA,NA,NA,NA,NA
NA,Tundra,2017-04-28T19:30:00Z,118,2017,NA,NA,NA,NA,NA,NA,NA,NA,NA,NA,NA,NA,NA,NA,NA,NA,NA,NA,NA,NA,NA,NA,NA,NA,NA,NA,NA,0.5,NA,NA,NA,-107.11,-14.9,NA,NA,NA,NA,NA,NA,NA,NA,NA,NA,NA
NA,Terminus,2017-04-28T20:15:00Z,118,2017,NA,NA,NA,NA,NA,NA,NA,NA,NA,NA,NA,NA,NA,NA,NA,NA,NA,NA,NA,NA,NA,NA,NA,NA,NA,NA,NA,0.17,NA,NA,NA,-126.84,-17.57,NA,NA,NA,NA,NA,NA,NA,NA,NA,NA,NA
NA,Tundra,2017-05-10T23:00:00Z,130,2017,NA,NA,NA,NA,NA,NA,NA,NA,NA,NA,NA,NA,NA,NA,NA,NA,NA,NA,NA,NA,NA,NA,NA,NA,NA,NA,NA,0.82,NA,NA,NA,-123.49,-16.49,NA,NA,NA,NA,NA,NA,NA,NA,NA,NA,NA
NA,Nellie_Juan,2017-05-11T00:00:00Z,130,2017,NA,NA,NA,NA,NA,NA,NA,NA,NA,NA,NA,NA,NA,NA,NA,NA,NA,NA,NA,NA,NA,NA,NA,NA,NA,NA,NA,0.81,NA,NA,NA,-114.39,-15.77,NA,NA,NA,NA,NA,NA,NA,NA,NA,NA,NA
NA,Terminus,2017-06-16T02:50:00Z,166,2017,0.9,51,NA,7.59,NA,NA,NA,NA,NA,9.55,NA,0.3,0.41,NA,0.62,NA,NA,NA,NA,NA,NA,0,NA,0,0.012,NA,NA,0.11,NA,NA,NA,-125.65,-17.33,NA,NA,NA,NA,NA,NA,NA,NA,NA,NA,NA
NA,Tundra,2017-06-16T04:09:00Z,166,2017,2.7,16,NA,7.04,NA,NA,NA,NA,NA,4.36,NA,0.05,0.09,NA,0.37,NA,NA,NA,NA,NA,NA,0,NA,0,0.022,NA,NA,0.34,NA,NA,NA,-129.35,-17.06,NA,NA,NA,NA,NA,NA,NA,NA,NA,NA,NA
NA,lake_inlet,2017-06-16T04:41:00Z,166,2017,6.3,21,NA,7.29,NA,NA,NA,NA,NA,5.99,NA,0.06,0.11,NA,0.38,NA,NA,NA,NA,NA,NA,0,NA,0,0,NA,NA,NA,NA,NA,NA,-125.05,-16.38,NA,NA,NA,NA,NA,NA,NA,NA,NA,NA,NA
NA,Terminus,2017-06-18T00:10:00Z,168,2017,0.9,45,NA,7.68,NA,NA,NA,NA,NA,9.2,NA,0.24,0.39,NA,0.53,NA,NA,NA,NA,NA,NA,0,NA,0,0,NA,NA,0.09,NA,NA,NA,-124.6,-16.37,NA,NA,NA,NA,NA,NA,NA,NA,NA,NA,NA
NA,Tundra,2017-06-18T01:24:00Z,168,2017,3.1,12,NA,6.89,NA,NA,NA,NA,NA,4.53,NA,0.06,0.1,NA,0.38,NA,NA,NA,NA,NA,NA,0,NA,0,0,NA,NA,0.3,NA,NA,NA,-126.02,-16.38,NA,NA,NA,NA,NA,NA,NA,NA,NA,NA,NA
NA,lake_inlet,2017-06-18T01:40:00Z,168,2017,10.2,23,NA,7.3,NA,NA,NA,NA,NA,6.36,NA,0.05,0.11,NA,0.4,NA,NA,NA,NA,NA,NA,0,NA,0,0,NA,NA,1.03,NA,NA,NA,-121.34,-16.07,NA,NA,NA,NA,NA,NA,NA,NA,NA,NA,NA
NA,Terminus,2017-06-18T23:37:00Z,169,2017,0.8,40,NA,7.61,NA,NA,NA,NA,NA,8.51,NA,0.18,0.32,NA,0.49,NA,NA,NA,NA,NA,NA,0,NA,0,0.01,NA,NA,NA,NA,NA,NA,-131.49,-17.44,NA,NA,NA,NA,NA,NA,NA,NA,NA,NA,NA
NA,Tundra,2017-06-19T00:21:00Z,169,2017,3.6,14,NA,6.99,NA,NA,NA,NA,NA,4.29,NA,0.03,0.09,NA,0.33,NA,NA,NA,NA,NA,NA,0,NA,0,0,NA,NA,0.33,NA,NA,NA,-120.74,-16.79,NA,NA,NA,NA,NA,NA,NA,NA,NA,NA,NA
NA,lake_inlet,2017-06-19T00:52:00Z,169,2017,10.6,24,NA,7.35,NA,NA,NA,NA,NA,6.82,NA,0.05,0.11,NA,0.41,NA,NA,NA,NA,NA,NA,0,NA,0,0,NA,NA,0.44,NA,NA,NA,-122.95,-16.14,NA,NA,NA,NA,NA,NA,NA,NA,NA,NA,NA
NA,lake_inlet,2017-06-19T16:15:00Z,170,2017,3.2,29,NA,7.22,NA,NA,NA,NA,NA,7.44,NA,0.04,0.13,NA,0.45,NA,NA,NA,NA,NA,NA,0,NA,0,0,NA,NA,0.78,NA,NA,NA,-124.65,-16.58,NA,NA,NA,NA,NA,NA,NA,NA,NA,NA,NA
NA,Terminus,2017-06-19T19:46:00Z,170,2017,0.7,46,NA,7.64,NA,NA,NA,NA,NA,9.83,NA,0.23,0.38,NA,0.57,NA,NA,NA,NA,NA,NA,0,NA,0,0.016,NA,NA,NA,NA,NA,NA,-132.36,-17.7,NA,NA,NA,NA,NA,NA,NA,NA,NA,NA,NA
NA,Nellie_Juan,2017-06-19T20:08:00Z,170,2017,4.6,44,NA,7.32,NA,NA,NA,NA,NA,9.65,NA,0.17,0.43,NA,0.66,NA,NA,NA,NA,NA,NA,0,NA,0,0.024,NA,NA,NA,NA,NA,NA,-120.45,-16.22,NA,NA,NA,NA,NA,NA,NA,NA,NA,NA,NA
NA,stream_gauge,2017-07-21T03:15:00Z,201,2017,0.8,20,13.96,7.27,NA,160,NA,NA,NA,3.75,NA,0.05,0.04,NA,0.05,NA,NA,NA,NA,NA,NA,0,NA,0,0.012,NA,NA,0.29,NA,NA,NA,-120.77,-16.55,NA,NA,NA,NA,NA,NA,NA,NA,NA,NA,NA
NA,Nellie_Juan,2017-07-21T04:15:00Z,201,2017,5.2,29,NA,6.82,NA,NA,NA,NA,NA,NA,NA,NA,NA,NA,NA,NA,NA,NA,NA,NA,NA,0,NA,0,0.014,NA,NA,0.41,NA,NA,NA,-112.38,-15.19,NA,NA,NA,NA,NA,NA,NA,NA,NA,NA,NA
NA,Terminus,2017-07-21T04:44:00Z,201,2017,0.6,17,NA,8.43,NA,NA,NA,NA,NA,7,NA,0.14,0.3,NA,0.38,NA,NA,NA,NA,NA,NA,0,NA,0,0,NA,NA,0.19,NA,NA,NA,-121.59,-16.25,NA,NA,NA,NA,NA,NA,NA,NA,NA,NA,NA
NA,Tundra,2017-07-21T19:44:00Z,202,2017,10.1,12,NA,7.12,NA,NA,NA,NA,NA,4.71,NA,0.07,0.13,NA,0.18,NA,NA,NA,NA,NA,NA,0,NA,0.0942,0.027,NA,NA,0.38,NA,NA,NA,-118.01,-16.02,NA,NA,NA,NA,NA,NA,NA,NA,NA,NA,NA
NA,lake_inlet,2017-07-21T20:28:00Z,202,2017,14,47,NA,7.6,NA,NA,NA,NA,NA,4.56,NA,0.1,0.1,NA,0.38,NA,NA,NA,NA,NA,NA,0,NA,0,0,NA,NA,0.72,NA,NA,NA,-113.61,-15.35,NA,NA,NA,NA,NA,NA,NA,NA,NA,NA,NA
NA,Terminus,2017-07-23T22:25:00Z,204,2017,0.7,15,NA,6.97,NA,NA,NA,NA,NA,5.21,NA,0.08,0.14,NA,0.19,NA,NA,NA,NA,NA,NA,0,NA,0,0,NA,NA,0.23,NA,NA,NA,-117.12,-15.6,NA,NA,NA,NA,NA,NA,NA,NA,NA,NA,NA
NA,Tundra,2017-07-24T00:14:00Z,204,2017,13.1,19,NA,7.29,NA,NA,NA,NA,NA,4.02,NA,0.08,0.13,NA,0.2,NA,NA,NA,NA,NA,NA,0,NA,0,0,NA,NA,0.26,NA,NA,NA,-115.81,-15.45,NA,NA,NA,NA,NA,NA,NA,NA,NA,NA,NA
NA,lake_inlet,2017-07-24T00:54:00Z,204,2017,16.5,50,NA,7.73,NA,NA,NA,NA,NA,18.26,NA,0.25,0.48,NA,0.9,NA,NA,NA,NA,NA,NA,0,NA,0.0411,0,NA,NA,0.84,NA,NA,NA,-113.27,-15.12,NA,NA,NA,NA,NA,NA,NA,NA,NA,NA,NA
NA,Tundra,2017-07-24T19:50:00Z,205,2017,19.6,13,NA,6.8,NA,NA,NA,NA,NA,2.7,NA,0.09,0.04,NA,0.05,NA,NA,NA,NA,NA,NA,0,NA,0,0,NA,NA,0.56,NA,NA,NA,-116.41,-15.78,NA,NA,NA,NA,NA,NA,NA,NA,NA,NA,NA
NA,lake_inlet,2017-07-24T20:30:00Z,205,2017,NA,NA,NA,NA,NA,NA,NA,NA,NA,2.61,NA,0.05,0.03,NA,0.05,NA,NA,NA,NA,NA,NA,0,NA,0,0,NA,NA,0.69,NA,NA,NA,-114.68,-15.2,NA,NA,NA,NA,NA,NA,NA,NA,NA,NA,NA
NA,Terminus,2017-07-24T23:15:00Z,205,2017,NA,NA,NA,NA,NA,NA,NA,NA,NA,4.53,NA,0.1,0.1,NA,0.38,NA,NA,NA,NA,NA,NA,0,NA,0,0.012,NA,NA,0.15,NA,NA,NA,-121.15,-16.61,NA,NA,NA,NA,NA,NA,NA,NA,NA,NA,NA
NA,Nellie_Juan,2017-07-25T00:50:00Z,205,2017,NA,NA,NA,NA,NA,NA,NA,NA,NA,4.09,NA,0.05,0.12,NA,0.18,NA,NA,NA,NA,NA,NA,0,NA,0,0,NA,NA,0.27,NA,NA,NA,-113.78,-15.26,NA,NA,NA,NA,NA,NA,NA,NA,NA,NA,NA
NA,Nellie_Juan,2017-09-08T17:25:00Z,251,2017,4.4,39,13.25,6.95,NA,72,NA,NA,NA,17.89,NA,0.26,0.47,NA,0.88,NA,NA,NA,NA,NA,NA,NA,NA,NA,NA,NA,NA,0.84,NA,NA,NA,-112.87,-14.72,NA,NA,NA,NA,NA,NA,NA,NA,NA,NA,NA
NA,stream_gauge,2017-09-08T18:30:00Z,251,2017,1.1,27,13.7,6.63,NA,72,NA,NA,NA,6.76,NA,0.12,0.31,NA,0.42,NA,NA,NA,NA,NA,NA,NA,NA,NA,NA,NA,NA,0.3,NA,NA,NA,-116.76,-14.95,NA,NA,NA,NA,NA,NA,NA,NA,NA,NA,NA
NA,Terminus,2017-09-08T19:19:00Z,251,2017,0.8,27,13.43,6.85,NA,70,NA,NA,NA,8.41,NA,0.21,0.43,NA,0.51,NA,NA,NA,NA,NA,NA,NA,NA,NA,NA,NA,NA,0.16,NA,NA,NA,-120.35,-15.83,NA,NA,NA,NA,NA,NA,NA,NA,NA,NA,NA
NA,Tundra,2017-09-08T20:40:00Z,251,2017,6.6,28,11.16,7.11,NA,17,NA,NA,NA,5.73,NA,0.13,0.25,NA,0.3,NA,NA,NA,NA,NA,NA,NA,NA,NA,NA,NA,NA,0.71,NA,NA,NA,-115.39,-15.4,NA,NA,NA,NA,NA,NA,NA,NA,NA,NA,NA
NA,lake_inlet,2017-09-08T21:35:00Z,251,2017,6.7,37,10.92,7.31,NA,0,NA,NA,NA,14.95,NA,0.24,0.35,NA,0.73,NA,NA,NA,NA,NA,NA,NA,NA,NA,NA,NA,NA,1.08,NA,NA,NA,-119,-15.26,NA,NA,NA,NA,NA,NA,NA,NA,NA,NA,NA
NA,Terminus,2017-09-10T19:50:00Z,253,2017,0.7,25,13.58,6.77,NA,62,NA,NA,NA,8.59,NA,0.1,0.15,NA,0.57,NA,NA,NA,NA,NA,NA,NA,NA,NA,NA,NA,NA,0,NA,NA,NA,-126.26,-16.62,NA,NA,NA,NA,NA,NA,NA,NA,NA,NA,NA
NA,Tundra,2017-09-10T21:30:00Z,253,2017,7.3,28,11.05,7.34,NA,1,NA,NA,NA,5.57,NA,0.13,0.24,NA,0.34,NA,NA,NA,NA,NA,NA,NA,NA,NA,NA,NA,NA,0.6,NA,NA,NA,-117.61,-15.47,NA,NA,NA,NA,NA,NA,NA,NA,NA,NA,NA
NA,lake_inlet,2017-09-10T22:43:00Z,253,2017,9.4,37,10.4,7.14,NA,0,NA,NA,NA,8.11,NA,0.12,0.25,NA,0.77,NA,NA,NA,NA,NA,NA,NA,NA,NA,NA,NA,NA,1.1,NA,NA,NA,-120.76,-15.12,NA,NA,NA,NA,NA,NA,NA,NA,NA,NA,NA
NA,lake_inlet,2017-09-12T17:06:00Z,255,2017,5.9,45,11.42,7.39,NA,0,NA,NA,NA,11.09,NA,0.2,0.25,NA,0.79,NA,NA,NA,NA,NA,NA,NA,NA,NA,NA,NA,NA,0.8,NA,NA,NA,-120.82,-15.19,NA,NA,NA,NA,NA,NA,NA,NA,NA,NA,NA
NA,Tundra,2017-09-12T17:40:00Z,255,2017,6.6,30,11.4,7.27,NA,0,NA,NA,NA,8.18,NA,0.11,0.06,NA,0.07,NA,NA,NA,NA,NA,NA,NA,NA,NA,NA,NA,NA,0.5,NA,NA,NA,-118.25,-15.43,NA,NA,NA,NA,NA,NA,NA,NA,NA,NA,NA
NA,Terminus,2017-09-12T18:50:00Z,255,2017,0.7,28,13.42,6.98,NA,39,NA,NA,NA,9.1,NA,0.1,0.17,NA,0.64,NA,NA,NA,NA,NA,NA,NA,NA,NA,NA,NA,NA,0,NA,NA,NA,-128.78,-16.74,NA,NA,NA,NA,NA,NA,NA,NA,NA,NA,NA
NA,Nellie_Juan,2017-09-12T21:45:00Z,255,2017,5.7,48,13.11,6.48,NA,31,NA,NA,NA,7.03,NA,0.1,0.15,NA,0.47,NA,NA,NA,NA,NA,NA,NA,NA,NA,NA,NA,NA,0.11,NA,NA,NA,-120.69,-15.41,NA,NA,NA,NA,NA,NA,NA,NA,NA,NA,NA
NA,stream_gauge,2017-09-15T08:00:00Z,258,2017,NA,NA,NA,NA,NA,NA,NA,NA,NA,5.94,NA,0.11,0.26,NA,0.31,NA,NA,NA,NA,NA,NA,NA,NA,NA,NA,NA,NA,NA,NA,NA,NA,NA,NA,NA,NA,NA,NA,NA,NA,NA,NA,NA,NA,NA
NA,Nellie_Juan,2017-10-17T08:00:00Z,290,2017,NA,NA,NA,NA,NA,NA,NA,NA,NA,0.7,NA,0.06,0.02,NA,0.04,NA,NA,NA,NA,NA,NA,NA,NA,NA,NA,NA,NA,NA,NA,NA,NA,NA,NA,NA,NA,NA,NA,NA,NA,NA,NA,NA,NA,NA
NA,stream_gauge,2017-10-17T08:00:00Z,290,2017,NA,NA,NA,NA,NA,NA,NA,NA,NA,9.24,NA,0.19,0.47,NA,0.6,NA,NA,NA,NA,NA,NA,NA,NA,NA,NA,NA,NA,NA,NA,NA,NA,NA,NA,NA,NA,NA,NA,NA,NA,NA,NA,NA,NA,NA
WG0001,Terminus,2019-06-17T00:30:00Z,167,2019,NA,40.33,NA,5.48,NA,NA,303.88,15.21,0.09,6.91,0.08,0.21,0.36,0.01,0.78,0.54,0.04,NA,0.3,NA,0.01,0,7.45,0,0.01,0,0.01,0.29,1.24,NA,NA,-126.324,-16.502,NA,NA,NA,NA,NA,NA,NA,NA,NA,NA,NA
WG0002,Terminus,2019-06-17T01:20:00Z,167,2019,NA,34.39,NA,5.68,NA,NA,225.32,11.28,0.03,6.37,0.02,0.19,0.32,0,0.6,0.39,0.04,NA,0.3,NA,0,0,6.88,0,0,0,0,3.13,1.37,NA,NA,-127.132,-16.291,NA,NA,NA,NA,NA,NA,NA,NA,NA,NA,NA
WG0003,Tundra,2019-06-17T02:45:00Z,167,2019,NA,17.22,NA,5.63,NA,NA,165.83,8.3,0,3.21,0,0.12,0.09,0,0.7,0.67,0.02,NA,0.23,NA,0,0,1.15,0,0,0,0,1.48,1.25,NA,NA,-119.409,-15.681,NA,NA,NA,NA,NA,NA,NA,NA,NA,NA,NA
WG0004,Tundra,2019-06-17T22:45:00Z,168,2019,NA,13.58,NA,5.54,NA,NA,120.8,6.05,0,2.5,0,0.08,0.08,0,0.55,0.48,0.02,NA,0.24,NA,0.01,0,1.04,0,0,0,0,0.33,1.24,NA,NA,-122.077,-16.795,NA,NA,NA,NA,NA,NA,NA,NA,NA,NA,NA
WG0006,Tundra,2019-06-18T02:00:00Z,168,2019,NA,12.04,NA,5.53,NA,NA,94.16,4.71,0,2.08,0,0.05,0.07,0,0.53,0.39,0.01,NA,0.2,NA,0.01,0,0.99,0,0,0,0,0.27,1.25,NA,NA,-121.561,-16.538,NA,NA,NA,NA,NA,NA,NA,NA,NA,NA,NA
WG0014,glacier_hut,2019-06-19T18:00:00Z,170,2019,NA,48,NA,5.65,NA,NA,251.5,12.59,0.02,7.84,0.01,0.25,0.5,0,0.95,0.42,0.04,NA,0.65,NA,0.05,0,9.57,0.01,0.05,0,0.09,0.3,1.2,NA,NA,-127.006,-16.62,NA,NA,NA,NA,NA,NA,NA,NA,NA,NA,NA
WG0015,Tundra,2019-06-19T21:10:00Z,170,2019,NA,16.02,NA,5.58,NA,NA,140.94,7.05,0,2.64,0,0.07,0.08,0,0.53,0.52,0.02,NA,0.2,NA,0.01,0,1.02,0,0,0,0,0.43,1.29,NA,NA,-124.709,-16.483,NA,NA,NA,NA,NA,NA,NA,NA,NA,NA,NA
WG0016,Terminus,2019-06-19T22:20:00Z,170,2019,NA,33.99,NA,5.68,NA,NA,208.87,10.45,0.06,5.66,0.05,0.18,0.32,0,0.66,0.45,0.03,NA,0.36,NA,0.02,0,5.54,0,0.02,0,0,0.36,1.19,NA,NA,-121.126,-16.298,NA,NA,NA,NA,NA,NA,NA,NA,NA,NA,NA
WG0017,shrub_creek,2019-06-20T00:20:00Z,170,2019,NA,25.04,NA,5.61,NA,NA,195.77,9.8,0,4.59,0,0.09,0.11,0,0.75,0.76,0.02,NA,0.2,NA,0.01,0,1.68,0,0,0,0,0.39,1.35,NA,NA,-125.964,-16.923,NA,NA,NA,NA,NA,NA,NA,NA,NA,NA,NA
WG0018,Nellie_Juan,2019-07-17T19:45:00Z,198,2019,NA,32.62,NA,5.58,NA,NA,224.08,11.21,0.17,5.55,0.12,0.34,0.37,0.01,0.92,0.84,0.03,NA,0.32,NA,0,0,3.88,0,0.02,0,0,1.11,NA,NA,NA,-116.496,-15.569,NA,NA,NA,NA,NA,NA,NA,NA,NA,NA,NA
WG0019,stream_gauge,2019-07-17T20:20:00Z,198,2019,NA,33.52,NA,5.79,NA,NA,294.91,14.76,0,6.3,0,0.07,0.15,0,0.82,0.94,0.03,NA,0.15,NA,0.01,0,2.4,0,0.01,0,0,1.15,NA,NA,NA,-117.959,-15.987,NA,NA,NA,NA,NA,NA,NA,NA,NA,NA,NA
WG0020,Tundra,2019-07-18T01:45:00Z,198,2019,NA,15.64,NA,5.65,NA,NA,136.81,6.85,0,2.57,0.03,0.2,0.09,0,1.1,0.52,0.02,NA,0.13,NA,0,0,1.01,0,0,0.01,0.08,2.92,NA,NA,NA,-115.104,-15.588,NA,NA,NA,NA,NA,NA,NA,NA,NA,NA,NA
WG0021,glacier_hut,2019-07-18T05:00:00Z,198,2019,NA,17.26,NA,5.92,NA,NA,99.55,4.98,0.09,2.17,0.08,0.11,0.13,0.01,0.56,0.35,0.01,NA,0,NA,0,0,0,0,0.01,0,0,1,NA,NA,NA,-124.519,-17,NA,NA,NA,NA,NA,NA,NA,NA,NA,NA,NA
WG0022,glacier_hut,2019-07-18T17:15:00Z,199,2019,0.2,13.91,89.8,5.48,NA,NA,101.78,5.09,0.2,2.31,0.16,0.14,0.17,0,0.49,0.52,0.01,NA,0.19,NA,0.01,0,1.58,0,0.01,0,0,1,NA,NA,NA,-125.073,-16.958,NA,NA,NA,NA,NA,NA,NA,NA,NA,NA,NA
WG0023,Terminus,2019-07-18T20:38:00Z,199,2019,0.8,17.74,96.1,5.58,NA,NA,151.25,7.57,0.05,3.38,0.03,0.18,0.14,0,0.62,0.3,0.01,NA,0.12,NA,0,0,1.51,0,0.01,0,0,1.24,NA,NA,NA,-121.865,-16.388,NA,NA,NA,NA,NA,NA,NA,NA,NA,NA,NA
WG0026,Tundra,2019-07-18T23:45:00Z,199,2019,14,15.31,90.8,5.67,NA,NA,140.95,7.05,0,2.57,0.01,0.08,0.07,0,0.68,0.56,0.02,NA,0.12,NA,0,0,1.03,0,0,0,0,1.16,NA,NA,NA,-114.858,-15.682,NA,NA,NA,NA,NA,NA,NA,NA,NA,NA,NA
WG0027,glacier_hut,2019-07-19T03:47:00Z,199,2019,0.2,12.57,90.3,5.5,NA,NA,88.99,4.45,0.02,2.31,0.03,0.17,0.16,0,0.6,0.27,0.01,NA,0.17,NA,0.01,0,1.48,0,0.01,0,0,0.92,NA,NA,NA,-126.166,-17.388,NA,NA,NA,NA,NA,NA,NA,NA,NA,NA,NA
WG0028,glacier_hut,2019-07-19T17:36:00Z,200,2019,NA,12.63,NA,5.5,NA,NA,89.97,4.5,0.03,2.11,0.01,0.05,0.11,0,0.49,0.21,0.01,NA,0.19,NA,0.02,0,1.53,0,0.01,0,0,0.63,NA,NA,NA,-126.42,-17.506,NA,NA,NA,NA,NA,NA,NA,NA,NA,NA,NA
WG0029,Terminus,2019-07-19T20:35:00Z,200,2019,0.7,18.44,96.8,5.61,NA,NA,163.01,8.16,0.41,3.42,0.33,0.23,0.23,0.01,0.55,0.93,0.01,NA,0.14,NA,0,0,1.6,0,0,0,0,0.76,NA,NA,NA,-124.093,-16.936,NA,NA,NA,NA,NA,NA,NA,NA,NA,NA,NA
WG0033,Tundra,2019-07-20T00:38:00Z,200,2019,14.1,15.97,91.5,5.65,NA,NA,140.91,7.05,0,2.61,0.01,0.04,0.08,0,0.75,0.59,0.02,NA,0.12,NA,0.01,0,1.07,0,0,0,0,0.82,NA,NA,NA,-116.56,-16.031,NA,NA,NA,NA,NA,NA,NA,NA,NA,NA,NA
WG0034,glacier_hut,2019-07-20T04:27:00Z,200,2019,0.2,12.62,90.9,5.49,NA,NA,94.7,4.74,0.06,2.02,0.05,0.09,0.11,0,0.59,0.28,0.01,NA,0.18,NA,0.01,0,1.43,0,0.01,0,0,0.61,NA,NA,NA,-124.407,-16.686,NA,NA,NA,NA,NA,NA,NA,NA,NA,NA,NA
WG0035,glacier_hut,2019-07-20T17:15:00Z,201,2019,0.2,13.09,90.8,5.49,NA,NA,98.43,4.93,0.03,2.18,0.03,0.09,0.12,0,0.56,0.25,0.01,NA,0.19,NA,0.01,0.01,1.54,0,0.01,0,0,0.61,NA,NA,NA,-102.438,-12.921,NA,NA,NA,NA,NA,NA,NA,NA,NA,NA,NA
WG0036,Nellie_Juan,2019-08-27T23:00:00Z,239,2019,NA,34.66,NA,5.7,NA,NA,248.95,12.46,0.06,6.22,0.06,0.27,0.38,0.01,0.79,0.47,0.04,NA,0.39,NA,0.01,0,5.26,0,0.01,0,0.08,1.32,NA,NA,NA,-115.06,-15.724,NA,NA,NA,NA,NA,NA,NA,NA,NA,NA,NA
WG0037,shrub_creek,2019-08-28T00:00:00Z,239,2019,NA,63.7,NA,5.91,NA,NA,566.82,28.37,0,13.06,0.01,0.14,0.3,0,1.04,1.03,0.07,NA,0.11,NA,0.02,0,6.24,0,0.02,0,0.03,1.03,NA,NA,NA,NA,NA,NA,NA,NA,NA,NA,NA,NA,NA,NA,NA,NA
WG0038,Tundra,2019-08-28T01:00:00Z,239,2019,NA,27.01,NA,5.76,NA,NA,235.81,11.8,0,4.84,0,0.09,0.14,0,0.83,0.82,0.03,NA,0.12,NA,0,0.05,3.18,0,0.01,0.04,0,0.84,NA,NA,NA,-97.299,-9.426,NA,NA,NA,NA,NA,NA,NA,NA,NA,NA,NA
WG0039,Tundra,2019-09-05T21:10:00Z,248,2019,11,67.8,93.2,5.92,NA,NA,586.82,29.37,0,13.68,0,0.11,0.32,0,1.03,0.77,0.07,NA,0.35,NA,0.04,0.02,6.23,0,0.02,0.02,0.01,1.22,1.39,0.78,NA,NA,NA,NA,NA,NA,NA,NA,NA,NA,NA,NA,NA,NA
WG0040,Nellie_Juan,2019-09-05T22:00:00Z,248,2019,6.6,41.82,108,5.78,NA,NA,282.16,14.12,0.02,7.29,0.03,0.21,0.44,0,0.89,0.37,0.04,NA,0.32,NA,0.02,0.02,5.85,0,0.02,0.04,0,0.84,1.24,0.39,NA,-115.452,-15.943,NA,NA,NA,NA,NA,NA,NA,NA,NA,NA,NA
WG0041,glacier_hut,2019-09-06T01:20:00Z,248,2019,NA,17.82,NA,5.54,NA,NA,101.37,5.07,0,2.51,0,0.08,0.14,0,0.47,0.11,0.01,NA,0.13,NA,0.01,0.02,2.44,0,0.01,0.02,0,0.82,1.41,0.17,NA,-122.653,-16.577,NA,NA,NA,NA,NA,NA,NA,NA,NA,NA,NA
WG0042,glacier_hut,2019-09-06T17:15:00Z,249,2019,0.2,17.79,NA,5.51,NA,NA,117.56,5.88,0,2.6,0,0.05,0.15,0,0.42,0.09,0.01,NA,0.17,NA,0.01,0.01,2.66,0,0,0.01,0,0.87,1.7,0.03,NA,-122.395,-16.898,NA,NA,NA,NA,NA,NA,NA,NA,NA,NA,NA
WG0043,Tundra,2019-09-06T19:25:00Z,249,2019,9.4,25.04,NA,5.65,NA,NA,218.14,10.92,0,4.72,0,0.06,0.14,0,0.75,0.48,0.03,NA,0.18,NA,0.01,0.01,2.06,0,0.01,0.05,0,0.95,1.34,0.47,NA,-112.186,-15.061,NA,NA,NA,NA,NA,NA,NA,NA,NA,NA,NA
WG0047,glacier_hut,2019-09-07T02:15:00Z,249,2019,NA,15.96,NA,5.4,NA,NA,96.32,4.82,0,2.63,0,0.06,0.15,0,0.53,0.13,0.01,NA,0.11,NA,0.01,0.01,2.6,0,0.01,0.01,0,0.86,1.18,0.01,NA,-121.401,-16.531,NA,NA,NA,NA,NA,NA,NA,NA,NA,NA,NA
WG0048,glacier_hut,2019-09-07T18:05:00Z,250,2019,NA,15.58,NA,5.51,NA,NA,98.65,4.94,0,2.55,0.01,0.06,0.14,0,0.51,0.1,0.01,NA,0.15,NA,0.01,0.03,2.55,0,0,0,0,0.34,1.39,0.2,NA,-123.156,-16.836,NA,NA,NA,NA,NA,NA,NA,NA,NA,NA,NA
WG0050,Tundra,2019-09-07T20:50:00Z,250,2019,NA,26.71,NA,5.76,NA,NA,223,11.16,0,4.73,0,0.04,0.14,0,0.81,0.51,0.03,NA,0.2,NA,0.01,0.02,2.09,0,0,0.02,0,0.85,1.36,0.45,NA,-111.763,-15.03,NA,NA,NA,NA,NA,NA,NA,NA,NA,NA,NA
WG0051,glacier_hut,2019-09-08T01:30:00Z,250,2019,NA,16.14,NA,5.4,NA,NA,87.68,4.39,0,2.37,0.01,0.04,0.13,0,0.49,0.11,0.01,NA,0.13,NA,0.01,0.02,2.32,0,0.01,0.04,0,1.01,1.47,0.2,NA,-122.376,-16.84,NA,NA,NA,NA,NA,NA,NA,NA,NA,NA,NA
WG0054,glacier_hut,2019-09-08T17:15:00Z,251,2019,NA,14.79,NA,5.4,NA,NA,86.63,4.34,0,2.55,0.01,0.07,0.13,0,0.41,0.11,0.01,NA,0.15,NA,0.01,0.02,2.36,0,0.01,0.01,0,0.69,1.52,0.16,NA,-120.253,-16.456,NA,NA,NA,NA,NA,NA,NA,NA,NA,NA,NA
WG0056,Tundra,2019-09-08T21:15:00Z,251,2019,NA,24,NA,5.74,NA,NA,188.66,9.44,0,4.37,0,0.07,0.13,0,0.96,0.5,0.03,NA,0.19,NA,0.01,0.03,2.03,0,0.01,0.05,0,1.14,1.36,0.48,NA,-109.579,-14.875,NA,NA,NA,NA,NA,NA,NA,NA,NA,NA,NA
WG0057,glacier_hut,2019-09-09T02:00:00Z,251,2019,NA,14.92,NA,5.52,NA,NA,91.18,4.56,0,2.55,0,0.06,0.15,0,0.7,0.16,0.01,NA,0.12,NA,0.01,0.03,2.44,0,0,0.01,0,0.78,1.58,0.16,NA,-117.676,-15.764,NA,NA,NA,NA,NA,NA,NA,NA,NA,NA,NA
WG0058,glacier_hut,2019-09-09T16:50:00Z,252,2019,NA,15.13,NA,5.5,NA,NA,86.41,4.32,0,2.53,0,0.05,0.17,0,0.56,0.12,0.01,NA,0.13,NA,0.01,0.03,2.65,0,0.01,0.01,0,0.96,0.85,0.05,NA,-120.065,-16.48,NA,NA,NA,NA,NA,NA,NA,NA,NA,NA,NA
WG0059,Tundra,2019-09-09T20:40:00Z,252,2019,NA,29.34,NA,5.57,NA,NA,216.86,10.85,0,4.68,0.01,0.08,0.14,0,1.03,0.53,0.03,NA,0.22,NA,0.01,0.03,2.15,0,0.01,0.01,0,0.89,1.28,0.12,NA,-110.334,-14.972,NA,NA,NA,NA,NA,NA,NA,NA,NA,NA,NA
WG0061,glacier_hut,2019-09-10T17:35:00Z,253,2019,NA,17.83,NA,5.68,NA,NA,88.67,4.44,0,2.58,0,0.06,0.18,0,0.68,0.15,0.01,NA,0.16,NA,0.01,0.03,2.95,0,0,0.01,0,0.91,1.96,0.03,NA,-121.971,-16.784,NA,NA,NA,NA,NA,NA,NA,NA,NA,NA,NA
WG0063,Tundra,2019-09-10T20:40:00Z,253,2019,NA,27.82,NA,5.8,NA,NA,217.91,10.9,0,4.8,0,0.06,0.14,0,1.08,0.55,0.03,NA,0.2,NA,0,0.03,2.17,0,0.01,0.05,0,0.97,1.36,0.14,NA,-110.847,-15.081,NA,NA,NA,NA,NA,NA,NA,NA,NA,NA,NA
WG0065,shrub_creek,2019-09-19T23:00:00Z,262,2019,8.6,59.01,NA,5.92,NA,NA,491.15,24.58,0,11.71,0,0.11,0.27,0,1.31,0.99,0.06,NA,0.41,NA,0.04,0.03,4.31,0,0.03,0.04,0,NA,NA,NA,NA,-116.684,-15.592,NA,NA,NA,NA,NA,NA,NA,NA,NA,NA,NA
WG0066,glacier_hut,2019-10-12T00:40:00Z,284,2019,0.2,49.85,NA,5.79,NA,NA,215.74,10.8,0,8.05,0.01,0.11,0.6,0,0.86,0.27,0.04,NA,0.35,NA,0.02,0.03,10.48,0,0.01,0.01,0,0.73,1.3,0.37,0.35,-125.901,-16.945,NA,NA,NA,NA,NA,NA,NA,NA,NA,NA,NA
WG0069,Nellie_Juan,2019-10-12T22:25:00Z,285,2019,NA,71.47,NA,5.82,NA,NA,445.81,22.31,0,12.25,0.01,0.26,0.7,0,1.23,0.68,0.07,NA,0.57,NA,0.04,0.03,9.69,0,0.04,0.01,0,0.03,1.33,0.74,3.67,-117.226,-15.888,NA,NA,NA,NA,NA,NA,NA,NA,NA,NA,NA
WG0070,glacier_hut,2019-10-13T17:48:00Z,286,2019,1.2,73.91,NA,5.92,NA,NA,539.08,26.98,0,13.63,0.01,0.18,0.66,0,1.12,0.66,0.06,NA,0.28,NA,0.02,0.04,8.86,0,0.01,0.01,0,0.58,1.57,0.07,0.75,-126.104,-16.86,NA,NA,NA,NA,NA,NA,NA,NA,NA,NA,NA
WG0072,Tundra,2019-10-13T20:45:00Z,286,2019,0.3,35.57,NA,5.8,NA,NA,271.13,13.57,0,6.21,0,0.08,0.17,0,1.08,0.68,0.04,NA,0.38,NA,0.01,0.04,2.67,0,0.01,0.04,0,0.77,1.3,0.91,3.61,-117.23,-15.632,NA,NA,NA,NA,NA,NA,NA,NA,NA,NA,NA
WG0073,Tundra,2019-10-13T21:20:00Z,286,2019,1.3,33.96,NA,5.68,NA,NA,257.45,12.88,0,5.98,0.01,0.07,0.17,0,0.98,0.67,0.04,NA,0.39,NA,0.01,0.03,2.59,0,0.01,0.04,0,0.86,1.26,0.92,3.57,-118.111,-15.947,NA,NA,NA,NA,NA,NA,NA,NA,NA,NA,NA
WG0075,glacier_hut,2020-05-09T20:00:00Z,130,2020,NA,91.07,NA,5.87,NA,NA,682.48,34.15,0.01,16.78,0.01,0.19,0.49,0,0.82,0.88,0.07,0,0.49,0,0.04,0,11.9,0,0.03,0,0.05,0.83,1.26,0.32,2.74,-134.74,-18.143,NA,NA,NA,NA,NA,NA,NA,NA,NA,NA,NA
WG0076,Tundra,2020-05-09T21:45:00Z,130,2020,NA,37.01,NA,5.79,NA,NA,297.41,14.88,0.01,6.58,0,0.05,0.16,0,0.59,0.89,0.03,0,0.44,0,0.02,0,2.77,0,0.01,0,0.03,1.23,1.3,0.93,5.68,NA,NA,NA,NA,NA,NA,NA,NA,NA,NA,NA,NA,NA
WG0078,shrub_creek,2020-05-10T00:50:00Z,130,2020,NA,33.46,NA,5.76,NA,NA,281.81,14.1,0.02,6.29,0.01,0.06,0.14,0,0.44,0.9,0.02,0.02,0.37,0,0.12,0.01,1.9,0,0.12,0,0.16,1.73,1.26,0.75,14.89,-130.088,-17.532,NA,NA,NA,NA,NA,NA,NA,NA,NA,NA,NA
WG0079,stream_gauge,2020-05-10T01:10:00Z,130,2020,NA,52.15,NA,5.84,NA,NA,413.04,20.67,0.02,9.87,0.01,0.13,0.23,0,0.5,0.66,0.04,0.01,0.41,0,0.03,0,5.12,0,0.03,0.01,0.04,1.24,1.26,0.89,4.26,-127.372,-17.201,NA,NA,NA,NA,NA,NA,NA,NA,NA,NA,NA
WG0079b,shrub_creek,2020-05-14T18:10:00Z,135,2020,NA,36.63,NA,5.81,NA,NA,308.48,15.44,0.01,6.87,0,0.06,0.16,0,0.46,0.91,0.03,0,0.34,0,0.05,0.01,2.33,0,0.05,0,0.07,1.41,1.33,0.93,7.1,-131.934,-17.762,NA,NA,NA,NA,NA,NA,NA,NA,NA,NA,NA
WG0080,stream_gauge,2020-05-14T20:00:00Z,135,2020,NA,43.61,NA,5.81,NA,NA,334.5,16.74,0.03,8.14,0.03,0.11,0.21,0,0.46,0.6,0.03,0.01,0.4,0,0.03,0,4.27,0,0.02,0,0.04,0.86,1.35,0.84,2.29,-130.477,-17.674,NA,NA,NA,NA,NA,NA,NA,NA,NA,NA,NA
WG0081,glacier_hut,2020-05-14T21:05:00Z,135,2020,NA,75.7,NA,5.89,NA,NA,511.45,25.6,0.02,13.97,0.02,0.17,0.43,0,0.72,0.78,0.06,0.01,0.48,0,0.04,0,11.1,0,0.04,0,0.05,0.75,1.38,0.5,0.6,-136.722,-18.582,NA,NA,NA,NA,NA,NA,NA,NA,NA,NA,NA
WG0082b,Nellie_Juan,2020-05-15T01:20:00Z,135,2020,NA,52.15,NA,5.84,NA,NA,385.27,19.28,0.02,9.32,0.02,0.17,0.42,0,0.73,0.88,0.04,0.01,0.66,0,0.06,0,5.87,0,0.05,0,0.06,0.97,1.29,0.81,3.67,-120.391,-16.645,NA,NA,NA,NA,NA,NA,NA,NA,NA,NA,NA
WG0083,glacier_hut,2020-06-10T18:30:00Z,162,2020,NA,92.56,NA,5.78,NA,NA,366.09,18.32,0.04,14.72,0.04,0.28,0.88,0,0.89,0.55,0.09,0,0.35,0,0.02,0,23.18,0,0.02,0,0.03,0.37,1.3,0.66,1.87,-138.955,-18.886,NA,NA,NA,NA,NA,NA,NA,NA,NA,NA,NA
WG0084,shrub_creek,2020-06-10T21:00:00Z,162,2020,NA,36.17,NA,5.81,NA,NA,302.01,15.11,0,6.57,0,0.05,0.14,0,0.41,0.82,0.02,0,0.19,0,0,0,2.54,0,0,0,0.02,0.42,1.32,0.91,3.38,-131.825,-17.745,NA,NA,NA,NA,NA,NA,NA,NA,NA,NA,NA
WG0085,stream_gauge,2020-06-10T22:30:00Z,162,2020,NA,61.6,NA,5.77,NA,NA,269.12,13.47,0.02,10.27,0.02,0.17,0.45,0,0.55,0.42,0.05,0,0.29,0,0.01,0,13.07,0,0.01,0,0.04,0.54,1.41,0.58,0.64,-133.483,-17.785,NA,NA,NA,NA,NA,NA,NA,NA,NA,NA,NA
WG0086,Tundra,2020-06-11T00:00:00Z,162,2020,NA,22.42,NA,5.61,NA,NA,176.65,8.84,0,3.84,0,0.04,0.1,0,0.35,0.57,0.02,0,0.24,0,0,0,1.73,0,0,0,0.03,0.42,1.2,0.85,8.56,-127.695,-17.35,NA,NA,NA,NA,NA,NA,NA,NA,NA,NA,NA
WG0088,shrub_creek,2020-06-30T18:40:00Z,182,2020,NA,37.53,NA,5.8,NA,NA,327.53,16.39,0,7.22,0,0.04,0.15,0,0.4,0.82,0.03,0,0.14,0,0,0,2.79,0,0,0,0.03,NA,1.4,0.93,3.04,NA,NA,NA,NA,NA,NA,NA,NA,NA,NA,NA,NA,NA
WG0089,stream_gauge,2020-06-30T19:55:00Z,182,2020,NA,32.81,NA,5.72,NA,NA,202.58,10.14,0.02,5.68,0.02,0.09,0.23,0,0.31,0.25,0.02,0,0.24,0,0.01,0,5.02,0,0.01,0,0.08,0.84,1.95,0.51,0.25,-129.616,-17.679,NA,NA,NA,NA,NA,NA,NA,NA,NA,NA,NA
WG0090,glacier_hut,2020-06-30T21:46:00Z,182,2020,NA,32.25,NA,5.69,NA,NA,171.8,8.6,0,5.17,0,0.09,0.26,0,0.34,0.19,0.02,0,0.27,0,0.01,0,5.71,0,0.01,0,0.02,0.62,1.54,0.34,0.14,-131.867,-18.056,NA,NA,NA,NA,NA,NA,NA,NA,NA,NA,NA
WG0091,Tundra,2020-07-01T02:14:00Z,182,2020,NA,21.71,NA,5.69,NA,NA,177.16,8.87,0,3.84,0,0.04,0.1,0,0.36,0.55,0.02,0,0.19,0,0,0,1.74,0,0,0,0.02,0.56,1.31,0.85,1.48,-122.036,-16.616,NA,NA,NA,NA,NA,NA,NA,NA,NA,NA,NA
WG0093,Nellie_Juan,2020-07-01T03:43:00Z,182,2020,NA,33.86,NA,5.49,NA,NA,182.45,9.13,0.01,4.97,0.01,0.1,0.33,0,0.46,0.31,0.05,0,0.23,0,0,0,5.93,0,0.01,0,0.02,0.87,1.52,0.59,0.32,-113.089,-15.318,NA,NA,NA,NA,NA,NA,NA,NA,NA,NA,NA
WG0094,Tundra,2020-09-05T19:20:00Z,249,2020,NA,38.01,NA,5.78,NA,NA,316.76,15.85,0.01,6.41,0,0.05,0.17,0,0.63,0.96,0.05,0,0.23,0,0,0,2.93,0,0.01,0,0.05,0.65,1.31,0.95,2.71,NA,NA,NA,NA,NA,NA,NA,NA,NA,NA,NA,NA,NA
WG0096,Nellie_Juan,2020-09-05T23:00:00Z,249,2020,NA,52.25,NA,5.82,NA,NA,338.94,16.96,0.02,8.52,0.01,0.18,0.49,0,0.65,0.64,0.06,0,0.39,0,0.01,0,8.23,0,0.01,0.01,0.03,0.56,1.4,0.8,1.49,-118.714,-15.954,NA,NA,NA,NA,NA,NA,NA,NA,NA,NA,NA
WG0097,glacier_hut,2020-09-06T00:20:00Z,249,2020,NA,60.08,NA,5.9,NA,NA,494.53,24.75,0.01,11.26,0,0.14,0.33,0,0.54,0.89,0.06,0,0.19,0,0,0,6.39,0,0,0,0.01,0.45,1.63,0.65,0.72,-125.671,-16.771,NA,NA,NA,NA,NA,NA,NA,NA,NA,NA,NA
WG0098,stream_gauge,2020-09-09T21:00:00Z,253,2020,NA,33.71,NA,5.75,NA,NA,207.03,10.36,0.01,5.51,0.01,0.08,0.27,0,0.3,0.22,0.03,0,0.16,0,0,0,5.75,0,0,0,0.02,0.35,1.56,0.52,0.5,-122.386,-16.616,NA,NA,NA,NA,NA,NA,NA,NA,NA,NA,NA
WG0099,shrub_creek,2020-09-09T22:00:00Z,253,2020,NA,68.09,NA,5.87,NA,NA,619.05,30.98,0.01,12.1,0,0.07,0.27,0,0.74,1.35,0.07,0,0.23,0,0.02,0,4.43,0,0.02,0,0.06,0.98,1.38,0.96,9.09,-118.831,-15.634,NA,NA,NA,NA,NA,NA,NA,NA,NA,NA,NA
WG0100,Forest,2020-09-10T00:20:00Z,253,2020,NA,62.17,NA,5.94,NA,NA,597.88,29.92,0.03,11.1,0.01,0.14,0.41,0,1.05,1.66,0.08,0,0.59,0,0,0,2.77,0.02,0,0.01,0.08,1.58,1.31,0.96,13.44,-108.59,-14.743,NA,NA,NA,NA,NA,NA,NA,NA,NA,NA,NA
WG0101,glacier_hut,2020-09-10T04:20:00Z,253,2020,NA,45.58,NA,5.83,NA,NA,372.01,18.62,0.01,7.91,0,0.1,0.24,0,0.37,0.65,0.04,0,0.13,0,0,0,4.33,0,0,0,0,0.41,1.32,0.61,0.56,-123.03,-16.403,NA,NA,NA,NA,NA,NA,NA,NA,NA,NA,NA
WG0102,glacier_hut,2020-09-10T18:05:00Z,254,2020,NA,71.34,NA,5.92,NA,NA,611.47,30.6,0.01,12.69,0,0.15,0.39,0,0.66,1.13,0.07,0,0.22,0,0,0,6.64,0,0,0.01,0.01,0.48,1.52,0.76,1.06,NA,NA,NA,NA,NA,NA,NA,NA,NA,NA,NA,NA,NA
WG0103,glacier_hut,2020-09-11T03:12:00Z,254,2020,NA,39.34,NA,5.82,NA,NA,323.21,16.17,0,6.73,0,0.09,0.2,0,0.31,0.55,0.03,0,0.12,0,0,0,3.67,0,0,0,0.01,0.48,1.35,0.61,0.49,-122.648,-16.461,NA,NA,NA,NA,NA,NA,NA,NA,NA,NA,NA
WG0104,glacier_hut,2020-09-11T18:15:00Z,255,2020,NA,72.12,NA,5.95,NA,NA,630.3,31.54,0,13.49,0,0.15,0.4,0,0.68,1.16,0.07,0,0.21,0,0,0,6.52,0,0,0,0.01,0.39,1.45,0.8,1.08,-123.512,-16.364,NA,NA,NA,NA,NA,NA,NA,NA,NA,NA,NA
WG0106,glacier_hut,2020-09-12T19:35:00Z,256,2020,NA,73.46,NA,5.95,NA,NA,649.56,32.51,0,13.33,0,0.15,0.4,0,0.68,1.17,0.07,0,0.22,0,0,0,6.31,0,0,0,0.01,0.46,1.61,0.57,0.96,-124.777,-16.523,NA,NA,NA,NA,NA,NA,NA,NA,NA,NA,NA
WG0108,glacier_hut,2020-09-13T03:00:00Z,256,2020,NA,36.55,NA,5.78,NA,NA,316.19,15.82,0.01,6.64,0.01,0.09,0.19,0,0.29,0.49,0.03,0,0.1,0,0,0,3.27,0,0,0,0.01,0.3,NA,NA,NA,-122.173,-16.754,NA,NA,NA,NA,NA,NA,NA,NA,NA,NA,NA
WG0112,glacier_hut,2020-09-13T19:50:00Z,257,2020,NA,70.91,NA,5.89,NA,NA,627.53,31.4,0.01,12.99,0,0.15,0.39,0,0.65,1.12,0.07,0,0.23,0,0,0,5.97,0,0,0.01,0.01,0.46,1.46,0.62,0.88,-124.517,-16.672,NA,NA,NA,NA,NA,NA,NA,NA,NA,NA,NA
WG0116,Nellie_Juan,2020-10-16T20:30:00Z,290,2020,NA,58.17,NA,5.82,NA,NA,357.64,17.9,0.03,9.6,0.02,0.16,0.44,0,0.57,0.44,0.06,0,0.34,0,0.01,0,10.43,0,0.01,0,0.02,0.3,1.33,0.6,0.95,-123.599,-16.985,NA,NA,NA,NA,NA,NA,NA,NA,NA,NA,NA
WG0122,shrub_creek,2020-10-16T22:10:00Z,290,2020,NA,59.05,NA,5.92,NA,NA,525.4,26.29,0.01,10.6,0,0.08,0.24,0,0.66,1.38,0.06,0,0.26,0,0.03,0,3.78,0,0.04,0,0.07,1,1.4,0.9,7.72,-117.482,-15.819,NA,NA,NA,NA,NA,NA,NA,NA,NA,NA,NA
WG0118,Nellie_Juan,2020-10-19T20:00:00Z,293,2020,NA,76.71,NA,5.91,NA,NA,495.43,24.79,0.02,12.25,0.02,0.24,0.72,0,0.95,1.02,0.08,0,0.62,0,0.03,0,11.93,0,0.04,0,0.07,0.18,1.34,0.82,2.77,-115.56,-15.733,NA,NA,NA,NA,NA,NA,NA,NA,NA,NA,NA
WG0120,shrub_creek,2020-10-19T21:50:00Z,293,2020,NA,62.85,NA,5.92,NA,NA,556.71,27.86,0.01,11.26,0,0.08,0.26,0,0.68,1.37,0.06,0,0.24,0,0.03,0,4.17,0,0.04,0.01,0.07,0.75,1.36,0.85,7.9,-117.697,-16.444,NA,NA,NA,NA,NA,NA,NA,NA,NA,NA,NA
WG0121,stream_gauge,2020-10-19T23:25:00Z,293,2020,NA,71.77,NA,5.88,NA,NA,477.99,23.92,0.03,11.51,0.03,0.32,0.68,0,0.91,1.01,0.07,0,0.56,0,0.03,0,10.85,0,0.04,0.01,0.06,0.59,1.34,0.72,3.52,-115.678,-16.302,NA,NA,NA,NA,NA,NA,NA,NA,NA,NA,NA
WG0119,Tundra,2020-10-20T02:00:00Z,293,2020,NA,68.23,NA,5.76,NA,NA,386.63,19.35,0.03,10.44,0.02,0.17,0.49,0,0.62,0.45,0.07,0,0.3,0,0,0,12.19,0,0,0,0,0.36,1.18,0.72,0.75,-125.821,-18.016,NA,NA,NA,NA,NA,NA,NA,NA,NA,NA,NA
WG0123,Nellie_Juan,2021-05-13T23:05:00Z,133,2021,NA,51.31,NA,6.12,NA,NA,387.61,19.4,0.02,9.71,0,0.08,0.46,0,0.68,1.11,0.05,0,0.92,0,0.1,0,5.17,0,0.11,0.01,0.13,1.07,1.28,0.86,8.11,-116.032,-15.584,NA,NA,NA,NA,NA,NA,NA,NA,NA,NA,NA
WG0124,stream_gauge,2021-05-14T03:05:00Z,133,2021,NA,65.36,NA,6.25,NA,NA,537.53,26.9,0.01,13.53,0,0.16,0.35,0,0.62,0.88,0.07,0,0.83,0,0.04,0,6.97,0,0.06,0.01,0.07,0.92,1.35,0.91,5.33,NA,NA,NA,NA,NA,NA,NA,NA,NA,NA,NA,NA,NA
WG0126,glacier_hut,2021-05-14T20:40:00Z,134,2021,NA,75.39,NA,6.27,NA,NA,609.34,30.49,0.01,15.21,0,0.13,0.47,0,0.65,0.95,0.07,0,0.78,0,0.02,0,8.73,0,0.03,0,0.04,0.67,1.47,0.31,1.13,NA,NA,NA,NA,NA,NA,NA,NA,NA,NA,NA,NA,NA
WG0127,Tundra,2021-05-15T01:15:00Z,134,2021,NA,42.6,NA,6.19,NA,NA,360.85,18.06,0.01,8.58,0,0.01,0.22,0,0.65,1.19,0.05,0,0.7,0,0,0,2.92,0,0.01,0.01,0.03,0.89,1.31,0.96,5.57,NA,NA,NA,NA,NA,NA,NA,NA,NA,NA,NA,NA,NA
WG0131,Tundra,2021-06-04T10:32:00Z,155,2021,NA,21.49,NA,6,NA,NA,161.59,8.09,0,3.96,0,0.01,0.12,0,0.39,0.55,0.02,0,0.6,0,0,0,1.61,0,0,0,0.01,0.54,1.3,0.9,4.22,-133.699,-18.043,NA,NA,NA,NA,NA,NA,NA,NA,NA,NA,NA
WG0133,Forest,2021-06-04T13:30:00Z,155,2021,NA,31.54,NA,6.19,NA,NA,258.92,12.96,0.03,5.69,0,0.05,0.22,0,0.51,0.92,0.03,0,0.56,0,0,0,1.28,0,0,0.01,0.01,1.16,1.29,0.89,11.64,-116.846,-16.058,NA,NA,NA,NA,NA,NA,NA,NA,NA,NA,NA
WG0134,Nellie_Juan,2021-06-04T13:45:00Z,155,2021,NA,46.85,NA,6.13,NA,NA,326.69,16.35,0.02,8.68,0.01,0.12,0.44,0,0.59,0.85,0.05,0,0.6,0,0.04,0,5.74,0,0.03,0.01,0.06,0.49,1.25,0.83,3.66,-125.736,-17.177,NA,NA,NA,NA,NA,NA,NA,NA,NA,NA,NA
WG0129,stream_gauge,2021-06-04T19:47:00Z,155,2021,NA,48.49,NA,6.13,NA,NA,307.37,15.38,0.02,8.78,0.01,0.11,0.3,0,0.49,0.51,0.05,0,0.61,0,0.01,0,7.23,0,0.01,0.01,0.03,0.53,NA,NA,NA,-138.324,-19.181,NA,NA,NA,NA,NA,NA,NA,NA,NA,NA,NA
WG0130,shrub_creek,2021-06-04T20:00:00Z,155,2021,NA,31.78,NA,6.11,NA,NA,272.66,13.65,0.01,6.38,0,0.02,0.15,0,0.36,0.88,0.03,0,0.32,0,0.05,0,1.89,0,0.05,0,0.07,0.87,1.32,0.96,7.03,-137.452,-18.768,NA,NA,NA,NA,NA,NA,NA,NA,NA,NA,NA
WG0136,Tundra,2021-07-01T22:30:00Z,182,2021,NA,14.44,NA,5.93,NA,NA,112.61,5.64,0,2.6,0,0,0.07,0,0.21,0.4,0.02,0,0.19,0,0,0,1.04,NA,NA,NA,NA,0.48,1.41,0.79,1.15,-123.096,-16.672,NA,NA,NA,NA,NA,NA,NA,NA,NA,NA,NA
WG0137,Forest,2021-07-02T01:30:00Z,182,2021,NA,35.51,NA,6.11,NA,NA,326.04,16.32,0.01,6.62,0,0.03,0.22,0,0.46,0.92,0.04,0.01,0.4,0,0,0.01,1.67,NA,NA,NA,NA,0.72,1.26,0.56,2.91,-110.204,-15.212,NA,NA,NA,NA,NA,NA,NA,NA,NA,NA,NA
WG0138,Nellie_Juan,2021-07-02T02:10:00Z,182,2021,NA,38.72,NA,6.1,NA,NA,264.03,13.21,0.01,6.86,0,0.08,0.37,0,0.43,0.51,0.04,0.01,0.39,0,0.02,0,5.08,NA,NA,NA,NA,0.41,1.25,0.82,0.77,-122.072,-16.815,NA,NA,NA,NA,NA,NA,NA,NA,NA,NA,NA
WG0141,Nellie_Juan,2021-09-07T20:05:00Z,250,2021,NA,41.75,NA,6.09,NA,NA,264.11,13.22,0.01,8.19,0,0.11,0.47,0,0.44,0.5,0.05,0.01,0.25,0,0.01,0,6.97,0,0,0,0.02,0.34,1.4,0.83,0.53,-120.062,-16.328,NA,NA,NA,NA,NA,NA,NA,NA,NA,NA,NA
WG0142,Forest,2021-09-07T22:10:00Z,250,2021,NA,59.27,NA,6.5,NA,NA,560.98,28.07,0.02,11.93,0,0.03,0.41,0,0.82,1.59,0.07,0.01,0.53,0.05,0,0,2.47,0,0,0,0.03,1.22,1.34,0.91,7.13,-111.764,-15.267,NA,NA,NA,NA,NA,NA,NA,NA,NA,NA,NA
WG0143,shrub_creek,2021-09-08T00:01:00Z,250,2021,NA,61.16,NA,6.88,NA,NA,518.05,25.93,0.01,12.2,0,0,0.26,0,0.58,1.27,0.06,0.01,0.15,0.04,0.02,0.02,4.3,0,0.01,0.01,0.04,0.71,1.47,0.93,4.35,-123.063,-16.08,NA,NA,NA,NA,NA,NA,NA,NA,NA,NA,NA
WG0144,stream_gauge,2021-09-08T01:00:00Z,250,2021,NA,13.62,NA,5.95,NA,NA,78.75,3.94,0,4.39,0,0.02,0.21,0,0.16,0.14,0.02,0,0.09,0.05,0.01,0,4.21,0,0,0,0.01,0.27,1.56,0.51,0.33,-124.623,-16.957,NA,NA,NA,NA,NA,NA,NA,NA,NA,NA,NA
WG0145,glacier_hut,2021-09-08T18:40:00Z,251,2021,NA,20.99,NA,6,NA,NA,162.29,8.12,0,3.99,0,0,0.1,0,0.11,0.27,0.02,0,0.04,0.05,0,0,1.88,0,0,0,0,0.21,1.27,0.55,0.19,-123.826,-16.604,NA,NA,NA,NA,NA,NA,NA,NA,NA,NA,NA
WG0105,glacier_hut,2021-09-11T03:05:00Z,253,2021,NA,NA,NA,NA,NA,NA,NA,NA,NA,NA,NA,NA,NA,NA,NA,NA,NA,NA,NA,NA,NA,NA,NA,NA,NA,NA,NA,NA,1.67,0.27,5.06,-121.749,-16.385,NA,NA,NA,NA,NA,NA,NA,NA,NA,NA,NA
WG0149,Nellie_Juan,2021-09-27T00:05:00Z,269,2021,NA,67.42,NA,6.18,NA,NA,455.16,22.78,0.01,12.26,0,0.14,0.64,0,0.69,1.02,0.07,0,0.59,0,0.06,0,9.36,0,0.04,0,0.05,0.64,1.3,0.86,2.91,NA,NA,NA,NA,NA,NA,NA,NA,NA,NA,NA,NA,NA
WG0150,Forest,2021-09-27T01:48:00Z,269,2021,NA,52.34,NA,6.24,NA,NA,474.08,23.73,0.03,10.08,0.01,0.08,0.38,0,0.79,1.67,0.06,0,0.73,0,0,0,1.95,0,0,0,0.03,1.98,1.34,0.88,10.02,-111.05,-15.158,NA,NA,NA,NA,NA,NA,NA,NA,NA,NA,NA
WG0155,Terminus,2021-09-28T22:03:00Z,271,2021,NA,61.08,NA,6.14,NA,NA,322.23,16.13,0.01,10.54,0,0.06,0.52,0,0.45,0.38,0.06,0,0.25,0,0.01,0,11.43,0,0.01,0.01,0.01,0.14,1.54,0.08,0.44,NA,NA,NA,NA,NA,NA,NA,NA,NA,NA,NA,NA,NA
WG0152,Tundra,2021-09-28T23:14:00Z,271,2021,NA,37.61,NA,6.15,NA,NA,293.58,14.69,0,6.68,0,0,0.18,0,0.47,0.94,0.04,0,0.3,0,0,0,2.88,0,0,0,0.01,0.52,1.28,0.63,1.75,-126.29,-17.08,NA,NA,NA,NA,NA,NA,NA,NA,NA,NA,NA
WG0157,lake_inlet,2021-09-29T02:16:00Z,271,2021,NA,52.55,NA,6.24,NA,NA,440.07,22.02,0.01,9.69,0,0.03,0.19,0,0.53,1.55,0.05,0,0.33,0,0,0,3.24,0,0,0,0.01,0.69,1.38,0.88,3.6,-116.9,-15.344,NA,NA,NA,NA,NA,NA,NA,NA,NA,NA,NA
WG0154,shrub_creek,2021-09-29T19:20:00Z,272,2021,NA,64.52,NA,6.35,NA,NA,542.06,27.13,0,12.48,0,0.04,0.28,0,0.55,1.38,0.06,0,0.33,0,0.05,0,4.03,0,0.04,0.01,0.06,0.66,1.44,0.1,5.09,-127.79,-17.438,NA,NA,NA,NA,NA,NA,NA,NA,NA,NA,NA
WG0153,stream_gauge,2021-09-29T19:25:00Z,272,2021,NA,69.16,NA,6.21,NA,NA,405.5,20.29,0.01,12.14,0,0.08,0.47,0,0.44,0.45,0.07,0,0.29,0,0.01,0,12.08,0,0,0,0.01,0.29,1.58,0.23,0.73,-117.75,-14.208,NA,NA,NA,NA,NA,NA,NA,NA,NA,NA,NA
WG0162,shrub_creek,2021-10-25T19:00:00Z,298,2021,NA,48.13,NA,6.27,NA,NA,448.94,22.47,0.01,9.92,0,0.05,0.23,0,0.46,1.41,0.05,0.02,0.44,0,0.17,0.01,2.88,0,0.18,0.03,0.2,1.15,1.38,0.96,8.35,-126.35,-16.847,NA,NA,NA,NA,NA,NA,NA,NA,NA,NA,NA
WG0163,stream_gauge,2021-10-25T20:00:00Z,298,2021,NA,67.03,NA,6.39,NA,NA,537.41,26.89,0.01,13.5,0.01,0.09,0.37,0,0.46,0.76,0.07,0.02,0.34,0,0.02,0,9.29,0,0,0.03,0,0.46,1.37,0.89,2.61,-127.97,-17.203,NA,NA,NA,NA,NA,NA,NA,NA,NA,NA,NA
WG0170,Forest,2022-05-04T20:15:00Z,124,2022,NA,34.41,NA,5.87,NA,NA,242.66,12.14,0.06,5.84,0.01,0.01,0.27,0,0.7,1.16,0.04,0,1.64,0,0.07,0,1.22,0,0,0.004835,0.024082,2.61,1.27,0.95,20.72,NA,NA,NA,NA,NA,NA,NA,NA,NA,NA,NA,NA,NA
WG0171,Nellie_Juan,2022-05-04T23:45:00Z,124,2022,NA,52.37,NA,5.84,NA,NA,416.22,20.83,0.03,9.46,0.01,0.13,0.44,0,0.64,1.14,0.05,0,0.76,0,0.19,0.01,4.75,0,0.18,0.004304,0.209268,1.89,1.3,0.94,10.52,NA,NA,NA,NA,NA,NA,NA,NA,NA,NA,NA,NA,NA
WG0184,stream_gauge,2022-05-10T21:50:00Z,130,2022,NA,72.65,NA,6.02,NA,NA,596.09,29.83,0.01,14.37,0,0.1,0.36,0,0.58,0.95,0.08,0,0.46,0,0.3,0,6.67,0,0.32,0.004935,0.334677,0.7,1.38,0.58,7.73,NA,NA,NA,NA,NA,NA,NA,NA,NA,NA,NA,NA,NA
WG0185,shrub_creek,2022-05-10T23:00:00Z,130,2022,NA,59.5,NA,6.06,NA,NA,501.82,25.11,0.01,11.89,0,0.07,0.28,0,0.56,1.36,0.06,0,0.38,0,0.58,0,3.29,0,0.61,0.005168,0.644132,1.55,1.35,0.5,12.35,NA,NA,NA,NA,NA,NA,NA,NA,NA,NA,NA,NA,NA
WG0186,Tundra,2022-05-11T21:00:00Z,131,2022,NA,48.86,NA,6.07,NA,NA,427.58,21.4,0,9.46,0,0.03,0.24,0,0.7,1.41,0.06,0,0.46,0,0.04,0,3.64,0,0.01,0.004984,0.037556,0.54,1.37,0.77,3.89,NA,NA,NA,NA,NA,NA,NA,NA,NA,NA,NA,NA,NA
WG0187,shrub_creek,2022-06-25T19:45:00Z,176,2022,NA,28.82,NA,5.95,NA,NA,231.27,11.57,0,4.94,0,0,0.15,0,0.31,0.71,0.02,0,0.37,0,0.01,0,1.87,0,NA,0.0051919999999999996,0.00177,0.95,1.33,0.87,3.1,NA,NA,NA,NA,NA,NA,NA,NA,NA,NA,NA,NA,NA
WG0188,stream_gauge,2022-06-25T21:10:00Z,176,2022,NA,27.59,NA,5.85,NA,NA,193.43,9.68,0.04,4.92,0.02,0.03,0.21,0,0.23,0.29,0.03,0.01,0.43,0,0.01,0,3.47,0,NA,0.007195,0.01454,0.73,1.26,0.54,1.8,NA,NA,NA,NA,NA,NA,NA,NA,NA,NA,NA,NA,NA
WG0189,Forest,2022-07-06T18:45:00Z,187,2022,NA,38.84,NA,6.04,NA,NA,367.83,18.41,0.01,7.19,0,0.04,0.25,0,0.45,0.91,0.04,0.01,0.41,0,0,0.02,1.94,0,NA,0.006001,0.01294,0.97,1.28,0.87,2.77,NA,NA,NA,NA,NA,NA,NA,NA,NA,NA,NA,NA,NA
WG0190,Nellie_Juan,2022-07-06T21:00:00Z,187,2022,NA,35.65,NA,5.95,NA,NA,255.36,12.78,0.05,6.36,0.03,0.09,0.36,0,0.35,0.57,0.04,0.01,0.2,0,0.01,0,4.73,0,NA,0.004113,0,0.63,1.25,0.72,0.81,NA,NA,NA,NA,NA,NA,NA,NA,NA,NA,NA,NA,NA
WG0191,Tundra,2022-07-06T21:55:00Z,187,2022,NA,15.97,NA,5.79,NA,NA,128.95,6.45,0.01,2.64,0,0.02,0.08,0,0.18,0.42,0.02,0.01,0.08,0,0,0,1.06,0,NA,0.00437,0,0.72,1.17,0.74,1.07,NA,NA,NA,NA,NA,NA,NA,NA,NA,NA,NA,NA,NA
WG0194,Forest,2022-08-04T19:00:00Z,216,2022,NA,58.4,NA,6.13,NA,NA,561.5,28.1,NA,NA,NA,NA,NA,NA,NA,NA,NA,0,0.34,0,0,0,2.44,0,NA,0.003361,0.022494,0.9063,1.43,0.93,6.12,NA,NA,NA,NA,NA,NA,NA,NA,NA,NA,NA,NA,NA
WG0193,Nellie_Juan,2022-08-04T21:22:00Z,216,2022,NA,NA,NA,6.226,NA,NA,242.94,12.16,NA,NA,NA,NA,NA,NA,NA,NA,NA,0,0.14,0,0.01,0,4.37,0,NA,0.004755,0,0.2147,1.37,0.44,0.87,NA,NA,NA,NA,NA,NA,NA,NA,NA,NA,NA,NA,NA
WG0195,Tundra,2022-08-05T22:00:00Z,217,2022,NA,19.8,NA,5.902,NA,NA,169.62,8.49,NA,NA,NA,NA,NA,NA,NA,NA,NA,0,0.09,0,0,0,1.47,0,NA,0.004274,0,0.35,1.76,0.87,2.69,NA,NA,NA,NA,NA,NA,NA,NA,NA,NA,NA,NA,NA
WG0197,glacier_hut,2022-08-06T19:45:00Z,218,2022,NA,NA,NA,5.846,NA,NA,185.86,9.3,NA,NA,NA,NA,NA,NA,NA,NA,NA,0,0.04,0,0,0,1.66,0,NA,0.005081,0,0.1998,2.52,0.72,0.64,NA,NA,NA,NA,NA,NA,NA,NA,NA,NA,NA,NA,NA
WG0198,Terminus,2022-08-06T19:47:00Z,218,2022,NA,NA,NA,6.004,NA,NA,331.81,16.61,NA,NA,NA,NA,NA,NA,NA,NA,NA,0.02,0.41,0,0,0,6.5,0,NA,0.005638,0.001326,0.2222,1.72,0.55,0.47,NA,NA,NA,NA,NA,NA,NA,NA,NA,NA,NA,NA,NA
WG0199,lake_inlet,2022-08-06T23:30:00Z,218,2022,11.1,50.9,NA,6.113,NA,NA,462.2,23.13,NA,NA,NA,NA,NA,NA,NA,NA,NA,0.01,0.14,0,0,0,2.67,0,NA,0.005727,0.012483,0.7532,1.5,0.95,5.59,NA,NA,NA,NA,NA,NA,NA,NA,NA,NA,NA,NA,NA
WG0205,shrub_creek,2022-09-02T21:00:00Z,245,2022,8.8,52.3,NA,6.604,NA,NA,482.49,24.15,NA,NA,NA,NA,NA,NA,NA,NA,NA,0.02,0.09,0,0.04,0,2.92,0,NA,0.003878,0.069541,0.9955,1.43,0.96,8.28,NA,NA,NA,NA,NA,NA,NA,NA,NA,NA,NA,NA,NA
WG0206,stream_gauge,2022-09-02T22:00:00Z,245,2022,1.6,25.8,NA,5.772,NA,NA,169.44,8.48,NA,NA,NA,NA,NA,NA,NA,NA,NA,0.01,0.06,0,0,0,3.42,0,NA,0.005854,0.0019,0.1526,1.17,0.51,3.01,NA,NA,NA,NA,NA,NA,NA,NA,NA,NA,NA,NA,NA
WG0208,Nellie_Juan,2022-09-03T01:00:00Z,245,2022,7.2,41.6,NA,5.836,NA,NA,279.98,14.01,NA,NA,NA,NA,NA,NA,NA,NA,NA,0.01,0.14,0,0.01,0,5.77,0,NA,0.005303,0.016953,0.2154,1.87,0.77,2.04,NA,NA,NA,NA,NA,NA,NA,NA,NA,NA,NA,NA,NA
WG0209,Forest,2022-09-03T02:00:00Z,245,2022,NA,NA,NA,6.043,NA,NA,436.68,21.85,NA,NA,NA,NA,NA,NA,NA,NA,NA,0.02,0.4,0,0,0,1.54,0,NA,0.005954,0.02867,2.221,1.26,0.96,12.32,NA,NA,NA,NA,NA,NA,NA,NA,NA,NA,NA,NA,NA
WG0210,Terminus,2022-09-03T20:30:00Z,246,2022,0.9,12.9,NA,6.02,NA,NA,502.11,25.13,NA,NA,NA,NA,NA,NA,NA,NA,NA,0.01,0.46,0,0,0,7.45,0,NA,0.005402,0,0.2451,1.55,0.67,1.18,NA,NA,NA,NA,NA,NA,NA,NA,NA,NA,NA,NA,NA
WG0214,Tundra,2022-09-03T22:10:00Z,246,2022,9.2,30.4,NA,5.994,NA,NA,265.15,13.27,NA,NA,NA,NA,NA,NA,NA,NA,NA,0.01,0.11,0,0,0,1.96,0,NA,0.002327,0.009742,0.5002,1.28,0.91,2.89,NA,NA,NA,NA,NA,NA,NA,NA,NA,NA,NA,NA,NA
WG0216,glacier_hut,2022-09-04T00:50:00Z,246,2022,1.9,17.8,NA,5.951,NA,NA,249.65,12.49,NA,NA,NA,NA,NA,NA,NA,NA,NA,0.01,0.05,0,0,0,2.59,0,NA,0.003125,0,0.1441,1.36,0.59,0.44,NA,NA,NA,NA,NA,NA,NA,NA,NA,NA,NA,NA,NA
WG0222,lake_inlet,2022-09-06T02:55:00Z,248,2022,13.2,46.7,NA,6.105,NA,NA,442.65,22.15,NA,NA,NA,NA,NA,NA,NA,NA,NA,0.03,0.18,0,0,0,2.54,0,NA,0.006446,0.01821,0.8882,NA,NA,NA,NA,NA,NA,NA,NA,NA,NA,NA,NA,NA,NA,NA,NA
WG0231,glacier_hut,2022-09-06T18:00:00Z,249,2022,NA,NA,NA,6.11,NA,NA,307.45,15.39,NA,NA,NA,NA,NA,NA,NA,NA,NA,0.55,0.97,2.03,0.43,1.04,2,0,NA,0.005449,0,0.1037,1.95,0.6,0.78,NA,NA,NA,NA,NA,NA,NA,NA,NA,NA,NA,NA,NA
WG0362,shrub_creek,2022-10-07T23:00:00Z,280,2022,NA,50.49,NA,5.945,NA,NA,495.55,24.8,NA,NA,NA,NA,NA,NA,NA,NA,NA,0.01,0.24,0,0.1,0,3.01,0,NA,0.004276,0.112624,0.9037,NA,NA,NA,NA,NA,NA,NA,NA,NA,NA,NA,NA,NA,NA,NA,NA
WG0363,stream_gauge,2022-10-08T00:00:00Z,280,2022,NA,NA,NA,NA,NA,NA,NA,NA,NA,NA,NA,NA,NA,NA,NA,NA,NA,0.01,0.21,0,0,0,6.13,0,NA,0.003978,0.039691,0.3716,NA,NA,NA,NA,NA,NA,NA,NA,NA,NA,NA,NA,NA,NA,NA,NA
WG0365,shrub_creek,2022-10-14T17:50:00Z,287,2022,NA,55.65,NA,6.048,NA,NA,544.58,27.25,NA,NA,NA,NA,NA,NA,NA,NA,NA,0.01,0.25,0,0.14,0,3.31,0,NA,0.0037,0.147841,0.8371,NA,NA,NA,NA,NA,NA,NA,NA,NA,NA,NA,NA,NA,NA,NA,NA
WG0366,stream_gauge,2022-10-14T18:15:00Z,287,2022,NA,53.44,NA,5.989,NA,NA,326.68,16.35,NA,NA,NA,NA,NA,NA,NA,NA,NA,0,0.18,0,0.02,0,10.12,0,NA,0.002825,0,0.1927,NA,NA,NA,NA,NA,NA,NA,NA,NA,NA,NA,NA,NA,NA,NA,NA
WG0368,Nellie_Juan,2022-10-14T21:45:00Z,287,2022,NA,61.2,NA,6.03,NA,NA,426.52,21.35,NA,NA,NA,NA,NA,NA,NA,NA,NA,0.01,0.33,0,0.06,0,9.53,0,NA,0.004894,0.052502,0.2636,NA,NA,NA,NA,NA,NA,NA,NA,NA,NA,NA,NA,NA,NA,NA,NA
WG0369,Forest,2022-10-14T23:05:00Z,287,2022,NA,55.62,NA,6.212,NA,NA,558.02,27.93,NA,NA,NA,NA,NA,NA,NA,NA,NA,0.01,0.62,0,0,0,1.93,0,NA,0.00721,0.006762,1.453,NA,NA,NA,NA,NA,NA,NA,NA,NA,NA,NA,NA,NA,NA,NA,NA
